"12407: Monthly earnings, by level of education, number of years since education was completed, field of study, contents, year and measuring method"

"level of education";"number of years since education was completed";"field of study";"Basic monthly salary (NOK) 2015 Average";"Basic monthly salary (NOK) 2015 Median";"Basic monthly salary (NOK) 2015 Lower quartile";"Basic monthly salary (NOK) 2015 Upper quartile";"Basic monthly salary (NOK) 2015 Number of eployments with earnings";"Basic monthly salary (NOK) 2015 Number of full-time equivalents";"Basic monthly salary (NOK) 2016 Average";"Basic monthly salary (NOK) 2016 Median";"Basic monthly salary (NOK) 2016 Lower quartile";"Basic monthly salary (NOK) 2016 Upper quartile";"Basic monthly salary (NOK) 2016 Number of eployments with earnings";"Basic monthly salary (NOK) 2016 Number of full-time equivalents";"Basic monthly salary (NOK) 2017 Average";"Basic monthly salary (NOK) 2017 Median";"Basic monthly salary (NOK) 2017 Lower quartile";"Basic monthly salary (NOK) 2017 Upper quartile";"Basic monthly salary (NOK) 2017 Number of eployments with earnings";"Basic monthly salary (NOK) 2017 Number of full-time equivalents";"Basic monthly salary (NOK) 2018 Average";"Basic monthly salary (NOK) 2018 Median";"Basic monthly salary (NOK) 2018 Lower quartile";"Basic monthly salary (NOK) 2018 Upper quartile";"Basic monthly salary (NOK) 2018 Number of eployments with earnings";"Basic monthly salary (NOK) 2018 Number of full-time equivalents";"Basic monthly salary (NOK) 2019 Average";"Basic monthly salary (NOK) 2019 Median";"Basic monthly salary (NOK) 2019 Lower quartile";"Basic monthly salary (NOK) 2019 Upper quartile";"Basic monthly salary (NOK) 2019 Number of eployments with earnings";"Basic monthly salary (NOK) 2019 Number of full-time equivalents";"Basic monthly salary (NOK) 2020 Average";"Basic monthly salary (NOK) 2020 Median";"Basic monthly salary (NOK) 2020 Lower quartile";"Basic monthly salary (NOK) 2020 Upper quartile";"Basic monthly salary (NOK) 2020 Number of eployments with earnings";"Basic monthly salary (NOK) 2020 Number of full-time equivalents"
"Total";"Total";"A1 All fields of study";40240;36490;30500;45370;2613125;;41410;37520;31730;46670;2705298;2150542;42420;38530;32460;48000;2756595;2198609;43650;39710;33060;49510;2817311;2247467;45240;41240;34100;51120;2859034;2285953;46230;42060;35000;52150;2808827;2242706
"Total";"Total";"0 General subjects";33260;31260;25980;37040;663344;;34120;32060;26830;38020;673184;468019;34790;32600;27240;38970;675395;469281;35720;33230;27810;40000;677648;468145;36710;34000;28740;40940;687857;474854;37240;34420;29220;41620;698793;471942
"Total";"Total";"1 Humanities and arts";40370;38280;31030;46700;108240;;42070;40000;32480;48320;119698;91221;43170;40920;33270;49890;120383;92003;44520;42190;34220;51080;122057;92719;45810;43560;35000;52780;125249;95353;46820;44490;36010;53810;121335;92324
"Total";"Total";"2 Teacher training and pedagogy";40940;40600;36000;45220;158701;;42380;41990;37380;46640;183061;150407;43530;43170;38230;47980;186067;152921;44400;43890;39000;48910;189542;155888;45860;45370;40590;50320;195077;160040;46310;45650;41330;50570;190076;158454
"Total";"Total";"3 Social sciences and law";46720;43290;35320;53620;102990;;48700;44730;36600;55930;102652;84332;49890;45830;37500;57610;106364;87653;51430;47320;38620;59580;110875;91237;53070;48750;39930;61700;117119;96410;54350;50000;41080;62520;115870;96853
"Total";"Total";"4 Business and administration";45660;40000;33000;51820;286415;;47530;41500;34170;54170;301005;257069;48880;42670;35000;56080;304878;261133;50560;44170;36050;58330;309837;265514;52460;45830;37350;60420;317708;272896;54060;47470;38330;62500;307556;264728
"Total";"Total";"5 Natural sciences, vocational and technical subjects";45490;40610;34100;51940;560849;;46380;41600;34970;52880;567039;512608;47480;42620;35810;54170;577888;523848;48950;43980;36930;55880;590995;536101;50600;45460;38080;58100;611509;555924;51840;46670;39070;59440;595503;541600
"Total";"Total";"6 Health, welfare and sport";38860;36050;31880;41870;418078;;40030;37250;32770;42970;426678;312655;41130;38280;33510;44170;437719;321934;42290;39250;34360;45530;449255;331367;43590;40980;35770;46940;461322;341442;44300;41670;35850;47630;448638;339811
"Total";"Total";"7 Primary industries";38960;35340;30610;44000;35849;;40340;36640;31670;45630;34574;27571;41340;37580;32480;47000;34668;27869;42560;38840;33070;48550;35254;28005;43880;39970;34040;50000;35692;28654;44870;40830;34910;50800;34578;27753
"Total";"Total";"8 Transport and communications, safety and security and other services";42690;37410;31620;48430;95605;;42540;37500;32190;48080;91128;78219;43430;38330;32880;49280;93540;80672;44630;39430;33780;50460;96103;82926;46090;40630;34810;52280;99966;86253;47290;42090;35490;53670;97002;83433
"Total";"Total";"9 Unspecified field of study";33390;29440;26610;35720;183054;;34530;30580;27600;36810;206279;168440;35340;31500;28690;37500;219693;181294;36140;32480;29260;38260;235745;195564;37870;33760;30370;40270;207535;174127;39450;34910;30850;42220;199476;165807
"Total";"0-4 years";"A1 All fields of study";32450;31660;24990;38320;516154;;33680;33130;26070;39640;571170;376661;34430;33890;26790;40590;592851;393365;35530;34910;27650;41720;614068;407804;36830;36140;28780;43500;631982;422100;37340;36800;29230;44170;565308;375427
"Total";"0-4 years";"0 General subjects";22580;23190;18660;25810;171402;;22750;23540;18670;26170;177198;86417;23170;24040;18880;26790;183486;89620;23770;24780;19370;27600;187883;90948;24530;25560;19490;28730;192727;93243;25570;25980;20540;29750;197989;94713
"Total";"0-4 years";"1 Humanities and arts";31990;29940;24850;37500;21760;;33490;31670;26030;38980;24148;14060;34290;32480;26540;40000;23992;14123;35490;33430;27440;41670;24286;14035;36370;34420;28060;42770;24694;14394;37290;35830;29100;43750;21166;12036
"Total";"0-4 years";"2 Teacher training and pedagogy";36760;36480;32380;40980;33445;;38370;38320;34470;42480;46841;35197;39540;39290;35070;44000;49623;37384;40580;40340;35900;45200;52865;39890;42310;42360;37500;46980;56485;42834;42860;42920;37790;47250;48951;38365
"Total";"0-4 years";"3 Social sciences and law";35180;34610;26690;40590;31715;;36560;36000;28650;41730;33379;22208;37500;36860;29380;43000;34043;22822;38850;38040;30510;44380;35169;23399;40180;39930;31670;45830;35730;24042;41400;41060;34030;46670;30788;21147
"Total";"0-4 years";"4 Business and administration";37260;34280;28830;42030;42261;;38460;35420;30040;42820;48774;38014;39340;36050;30850;43750;52402;41037;40640;37350;32000;45400;55126;43449;42180;38720;33330;47080;56176;44696;43510;40000;34900;48330;46043;37129
"Total";"0-4 years";"5 Natural sciences, vocational and technical subjects";37090;36380;31250;41750;85738;;37800;37170;32430;42460;92736;78640;38580;37760;33000;43330;95920;81925;39840;38970;34100;44670;100131;86033;41410;40480;35450;46250;103328;89765;42840;41910;36860;47770;85271;74739
"Total";"0-4 years";"6 Health, welfare and sport";34810;32680;28660;39080;104599;;36090;34220;31130;40280;121186;80663;36710;34820;31350;41150;124971;83641;37610;35540;32180;41940;129165;86551;38710;36670;33020;43330;132259;88786;39270;37360;34170;43570;110079;77430
"Total";"0-4 years";"7 Primary industries";32200;31260;25480;36640;4264;;33240;32790;26810;38000;4559;3221;34020;33550;27380;38810;4727;3409;35090;34940;28270;40000;5030;3603;36520;36160;29340;41440;5514;3992;37710;37350;30500;42540;4671;3433
"Total";"0-4 years";"8 Transport and communications, safety and security and other services";33940;33040;28210;37080;18309;;34830;33950;29280;37640;19818;16593;35640;34530;30040;38460;21113;17797;36730;35310;31310;39640;21500;18181;38110;36330;32480;41570;21995;18576;39270;37190;33370;42820;17888;15054
"Total";"0-4 years";"9 Unspecified field of study";32830;29050;25250;38280;2661;;33110;29760;25490;39090;2531;1649;33860;30390;25980;39910;2574;1607;34390;30830;26320;40000;2913;1715;35800;31850;27280;41410;3074;1772;36020;32670;28380;41310;2462;1382
"Total";"5 years or more";"A1 All fields of study";42500;38280;32030;47600;1939248;;43880;39620;33080;49320;1954044;1627783;45080;40630;33940;50500;1970118;1646443;46490;41840;34910;52330;1993785;1666797;48040;43330;35830;54230;2044973;1712002;48840;44160;36370;55060;2057803;1719560
"Total";"5 years or more";"0 General subjects";35680;32480;28880;38970;486090;;36750;33330;29880;40000;491887;380243;37590;34100;30240;40950;487588;378331;38660;35000;31010;42130;485298;375915;39760;35890;31920;43430;490270;380257;40390;36450;32480;44170;485917;372969
"Total";"5 years or more";"1 Humanities and arts";41930;39830;32330;48030;86480;;43630;41470;33900;49820;95550;77161;44790;42500;34780;50980;96391;77879;46130;43750;35720;52580;97771;78684;47490;45090;36600;54310;100555;80959;48240;45830;37440;55000;100169;80288
"Total";"5 years or more";"2 Teacher training and pedagogy";41900;41450;37490;45830;125256;;43610;43160;38860;47260;136220;115210;44830;44380;39830;48790;136444;115536;45720;45100;40570;49660;136677;115998;47160;46380;42170;51060;138592;117206;47420;46580;42500;51240;141125;120089
"Total";"5 years or more";"3 Social sciences and law";50600;46550;38950;57750;71275;;53040;48940;40430;60090;69273;62125;54250;50000;41330;62050;72321;64832;55770;51390;42310;63980;75706;67838;57350;52770;43400;66070;81389;72369;57970;53420;43850;66670;85082;75706
"Total";"5 years or more";"4 Business and administration";46980;41000;33820;53550;244151;;49100;42840;35090;56270;252231;219055;50660;44420;36160;58330;252476;220096;52500;45970;37400;60530;254711;222066;54480;47920;38630;63100;261532;228200;55780;49320;39460;64860;261513;227599
"Total";"5 years or more";"5 Natural sciences, vocational and technical subjects";46920;41810;34600;54170;475110;;47940;42910;35580;55000;474303;433968;49130;44130;36530;56480;481968;441922;50690;45470;37640;58430;490864;450068;52370;47090;38880;60400;508181;466159;53280;48070;39620;61460;510232;466861
"Total";"5 years or more";"6 Health, welfare and sport";40030;36880;32380;42880;313479;;41400;37880;33260;44220;305492;231992;42680;39030;34130;45590;312748;238292;43940;40610;34970;47090;320090;244816;45300;42050;35940;48590;329063;252656;45780;42150;36250;49100;338559;262382
"Total";"5 years or more";"7 Primary industries";39770;35850;31180;44990;31585;;41290;37340;32060;46980;30015;24351;42360;38320;32640;48300;29941;24460;43670;39490;33610;50000;30224;24402;45080;40590;34590;51530;30178;24662;45890;41310;35320;52280;29907;24320
"Total";"5 years or more";"8 Transport and communications, safety and security and other services";44710;39700;32420;50840;77296;;44610;40000;32950;50430;71310;61626;45640;40640;33750;51900;72427;62875;46850;41670;34280;53240;74603;64745;48270;43000;35130;55000;77971;67676;49060;43970;36020;55860;79114;68379
"Total";"5 years or more";"9 Unspecified field of study";37370;32310;28380;42430;28526;;38220;33030;29260;43070;27763;22050;39240;34020;30040;44390;27814;22217;40670;35080;31010;45940;27841;22265;42420;36530;32110;48340;27242;21857;43510;37510;32760;49750;26185;20967
"Total";"Unknown";"A1 All fields of study";32530;29140;25980;34500;157723;;33850;30040;27460;35830;180084;146098;34670;30990;28420;36560;193626;158801;35450;32150;29230;37460;209458;172865;37080;33290;30040;39320;182079;151851;38370;34340;30480;41080;185716;147719
"Total";"Unknown";"0 General subjects";19250;18170;16240;20300;5852;;19150;18020;16240;20260;4099;1358;19410;18670;16240;20300;4321;1330;19730;18900;16730;21110;4467;1281;20280;19000;17860;21360;4860;1353;20960;19490;18180;22730;14887;4260
"Total";"Unknown";"1 Humanities and arts";;;;;;;;;;;;;;;;;;;;;;;;;;;;;;;;;;;;
"Total";"Unknown";"2 Teacher training and pedagogy";;;;;;;;;;;;;;;;;;;;;;;;;;;;;;;;;;;;
"Total";"Unknown";"3 Social sciences and law";;;;;;;;;;;;;;;;;;;;;;;;;;;;;;;;;;;;
"Total";"Unknown";"4 Business and administration";;;;;;;;;;;;;;;;;;;;;;;;;;;;;;;;;;;;
"Total";"Unknown";"5 Natural sciences, vocational and technical subjects";;;;;;;;;;;;;;;;;;;;;;;;;;;;;;;;;;;;
"Total";"Unknown";"6 Health, welfare and sport";;;;;;;;;;;;;;;;;;;;;;;;;;;;;;;;;;;;
"Total";"Unknown";"7 Primary industries";;;;;;;;;;;;;;;;;;;;;;;;;;;;;;;;;;;;
"Total";"Unknown";"8 Transport and communications, safety and security and other services";;;;;;;;;;;;;;;;;;;;;;;;;;;;;;;;;;;;
"Total";"Unknown";"9 Unspecified field of study";32680;29190;26140;34620;151867;;33990;30110;27520;35930;175985;144740;34800;31050;28490;36680;189305;157470;35560;32250;29230;37500;204991;171584;37230;33290;30130;39470;177219;150498;38890;34670;30780;41440;170829;143459
"Primary and lower secondary education (level 1-2)";"Total";"A1 All fields of study";31360;30330;25340;35000;444279;;32110;31260;26070;35890;455132;318731;32770;31870;26500;36830;457835;321085;33670;32610;27170;37870;460293;321413;34620;33500;27990;38970;468988;327541;35060;34010;28090;39520;486573;331639
"Primary and lower secondary education (level 1-2)";"Total";"0 General subjects";31370;30360;25340;35040;441403;;32120;31280;26040;35920;452523;316804;32770;31890;26470;36860;455291;319190;33670;32620;27140;37900;457801;319558;34630;33510;27930;38970;466681;325784;35060;34020;28060;39550;484454;330030
"Primary and lower secondary education (level 1-2)";"Total";"1 Humanities and arts";;;;;;;;;;;;;;;;;;;;;;;;;;;;;;;;;;;;
"Primary and lower secondary education (level 1-2)";"Total";"2 Teacher training and pedagogy";;;;;;;;;;;;;;;;;;;;;;;;;;;;;;;;;;;;
"Primary and lower secondary education (level 1-2)";"Total";"3 Social sciences and law";;;;;;;;;;;;;;;;;;;;;;;;;;;;;;;;;;;;
"Primary and lower secondary education (level 1-2)";"Total";"4 Business and administration";;;;;;;;;;;;;;;;;;;;;;;;;;;;;;;;;;;;
"Primary and lower secondary education (level 1-2)";"Total";"5 Natural sciences, vocational and technical subjects";37820;35200;30290;41970;222;;39690;35970;31600;42520;203;171;40160;36370;32440;43240;192;163;41360;37350;32600;45730;188;157;40890;36580;33110;44680;135;114;41120;37510;33840;43770;125;104
"Primary and lower secondary education (level 1-2)";"Total";"6 Health, welfare and sport";;;;;;;;;;;;;;;;;;;;;;;;;;;;;;;;;;;;
"Primary and lower secondary education (level 1-2)";"Total";"7 Primary industries";;;;;;;;;;;;;;;;;;;;;;;;;;;;;;;;;;;;
"Primary and lower secondary education (level 1-2)";"Total";"8 Transport and communications, safety and security and other services";;;;;;;;;;;;;;;;;;;;;;;;;;;;;;;;;;;;
"Primary and lower secondary education (level 1-2)";"Total";"9 Unspecified field of study";28860;28420;25830;30970;2334;;30220;29930;27180;32060;2104;1528;31160;30480;28090;32790;2071;1516;31830;31250;28900;33450;2026;1487;32980;32350;30240;34290;1924;1448;33670;32740;30600;35100;1765;1325
"Primary and lower secondary education (level 1-2)";"0-4 years";"A1 All fields of study";20760;20630;16100;24850;102622;;21020;21050;16290;25050;107888;56245;21340;21110;16500;25510;111008;57902;21880;21920;16880;26090;112993;58579;22550;22600;17540;27260;116515;60195;24010;25110;18910;28830;128871;66759
"Primary and lower secondary education (level 1-2)";"0-4 years";"0 General subjects";20760;20630;16100;24850;102622;;21020;21050;16290;25050;107888;56245;21340;21110;16500;25510;111008;57902;21880;21920;16880;26090;112993;58579;22550;22600;17540;27260;116515;60195;24010;25110;18910;28830;128870;
"Primary and lower secondary education (level 1-2)";"0-4 years";"1 Humanities and arts";;;;;;;;;;;;;;;;;;;;;;;;;;;;;;;;;;;;
"Primary and lower secondary education (level 1-2)";"0-4 years";"2 Teacher training and pedagogy";;;;;;;;;;;;;;;;;;;;;;;;;;;;;;;;;;;;
"Primary and lower secondary education (level 1-2)";"0-4 years";"3 Social sciences and law";;;;;;;;;;;;;;;;;;;;;;;;;;;;;;;;;;;;
"Primary and lower secondary education (level 1-2)";"0-4 years";"4 Business and administration";;;;;;;;;;;;;;;;;;;;;;;;;;;;;;;;;;;;
"Primary and lower secondary education (level 1-2)";"0-4 years";"5 Natural sciences, vocational and technical subjects";;;;;;;;;;;;;;;;;;;;;;;;;;;;;;;;;;;;
"Primary and lower secondary education (level 1-2)";"0-4 years";"6 Health, welfare and sport";;;;;;;;;;;;;;;;;;;;;;;;;;;;;;;;;;;;
"Primary and lower secondary education (level 1-2)";"0-4 years";"7 Primary industries";;;;;;;;;;;;;;;;;;;;;;;;;;;;;;;;;;;;
"Primary and lower secondary education (level 1-2)";"0-4 years";"8 Transport and communications, safety and security and other services";;;;;;;;;;;;;;;;;;;;;;;;;;;;;;;;;;;;
"Primary and lower secondary education (level 1-2)";"0-4 years";"9 Unspecified field of study";;;;;;;;;;;;;;;;;;;;;;;;;;;;;;;;;;;;
"Primary and lower secondary education (level 1-2)";"5 years or more";"A1 All fields of study";33530;31450;28250;36430;335805;;34570;32370;29010;37490;343145;261128;35360;32960;29520;38420;342506;261852;36380;33830;30150;39620;342833;261553;37430;34680;31040;40590;347613;265993;38120;35400;31630;41410;342815;260619
"Primary and lower secondary education (level 1-2)";"5 years or more";"0 General subjects";33560;31450;28290;36450;332929;;34590;32390;29020;37500;340536;259201;35380;32990;29520;38460;339962;259957;36400;33850;30170;39650;340341;259698;37450;34720;31050;40590;345306;264236;38140;35420;31650;41410;340697;259011
"Primary and lower secondary education (level 1-2)";"5 years or more";"1 Humanities and arts";;;;;;;;;;;;;;;;;;;;;;;;;;;;;;;;;;;;
"Primary and lower secondary education (level 1-2)";"5 years or more";"2 Teacher training and pedagogy";;;;;;;;;;;;;;;;;;;;;;;;;;;;;;;;;;;;
"Primary and lower secondary education (level 1-2)";"5 years or more";"3 Social sciences and law";;;;;;;;;;;;;;;;;;;;;;;;;;;;;;;;;;;;
"Primary and lower secondary education (level 1-2)";"5 years or more";"4 Business and administration";;;;;;;;;;;;;;;;;;;;;;;;;;;;;;;;;;;;
"Primary and lower secondary education (level 1-2)";"5 years or more";"5 Natural sciences, vocational and technical subjects";37820;35200;30290;41970;222;;39690;35970;31600;42520;203;171;40160;36370;32440;43240;192;163;41360;37350;32600;45730;188;157;40890;36580;33110;44680;135;114;41120;37510;33840;43770;125;104
"Primary and lower secondary education (level 1-2)";"5 years or more";"6 Health, welfare and sport";;;;;;;;;;;;;;;;;;;;;;;;;;;;;;;;;;;;
"Primary and lower secondary education (level 1-2)";"5 years or more";"7 Primary industries";;;;;;;;;;;;;;;;;;;;;;;;;;;;;;;;;;;;
"Primary and lower secondary education (level 1-2)";"5 years or more";"8 Transport and communications, safety and security and other services";;;;;;;;;;;;;;;;;;;;;;;;;;;;;;;;;;;;
"Primary and lower secondary education (level 1-2)";"5 years or more";"9 Unspecified field of study";28860;28420;25830;30970;2334;;30220;29930;27180;32060;2104;1528;31160;30480;28090;32790;2071;1516;31830;31250;28900;33450;2026;1487;32980;32350;30240;34290;1924;1448;33670;32740;30600;35100;1765;1325
"Primary and lower secondary education (level 1-2)";"Unknown";"A1 All fields of study";19250;18170;16240;20300;5852;;19150;18020;16240;20260;4099;1358;19410;18670;16240;20300;4321;1330;19730;18900;16730;21110;4467;1281;20280;19000;17860;21360;4860;1353;20960;19490;18180;22730;14887;4260
"Primary and lower secondary education (level 1-2)";"Unknown";"0 General subjects";19250;18170;16240;20300;5852;;19150;18020;16240;20260;4099;1358;19410;18670;16240;20300;4321;1330;19730;18900;16730;21110;4467;1281;20280;19000;17860;21360;4860;1353;20960;19490;18180;22730;14887;4260
"Primary and lower secondary education (level 1-2)";"Unknown";"1 Humanities and arts";;;;;;;;;;;;;;;;;;;;;;;;;;;;;;;;;;;;
"Primary and lower secondary education (level 1-2)";"Unknown";"2 Teacher training and pedagogy";;;;;;;;;;;;;;;;;;;;;;;;;;;;;;;;;;;;
"Primary and lower secondary education (level 1-2)";"Unknown";"3 Social sciences and law";;;;;;;;;;;;;;;;;;;;;;;;;;;;;;;;;;;;
"Primary and lower secondary education (level 1-2)";"Unknown";"4 Business and administration";;;;;;;;;;;;;;;;;;;;;;;;;;;;;;;;;;;;
"Primary and lower secondary education (level 1-2)";"Unknown";"5 Natural sciences, vocational and technical subjects";;;;;;;;;;;;;;;;;;;;;;;;;;;;;;;;;;;;
"Primary and lower secondary education (level 1-2)";"Unknown";"6 Health, welfare and sport";;;;;;;;;;;;;;;;;;;;;;;;;;;;;;;;;;;;
"Primary and lower secondary education (level 1-2)";"Unknown";"7 Primary industries";;;;;;;;;;;;;;;;;;;;;;;;;;;;;;;;;;;;
"Primary and lower secondary education (level 1-2)";"Unknown";"8 Transport and communications, safety and security and other services";;;;;;;;;;;;;;;;;;;;;;;;;;;;;;;;;;;;
"Primary and lower secondary education (level 1-2)";"Unknown";"9 Unspecified field of study";;;;;;;;;;;;;;;;;;;;;;;;;;;;;;;;;;;;
"Upper secondary education (level 3-5)";"Total";"A1 All fields of study";37810;34760;30840;41670;1015170;;38860;35710;31950;42710;1029858;815029;39790;36560;32570;43880;1035602;821478;40930;37520;33290;45070;1043687;826349;42210;38670;34100;46670;1060878;841276;43180;39580;35000;47950;1019597;805290
"Upper secondary education (level 3-5)";"Total";"0 General subjects";37110;33000;27500;41670;221240;;38330;34070;28700;43030;219877;150634;39100;34700;28990;44170;219273;149497;40130;35520;29470;45380;218900;147898;41300;36350;30150;46850;219967;148192;42330;37350;31180;48000;213221;141079
"Upper secondary education (level 3-5)";"Total";"1 Humanities and arts";33160;31330;27360;36350;29400;;34570;32410;28900;37820;30154;;35650;33090;29530;39170;29741;;36810;34100;30220;40550;29751;;37880;35000;30900;41690;30318;;38890;35890;31830;42880;29087;
"Upper secondary education (level 3-5)";"Total";"2 Teacher training and pedagogy";34090;31830;28350;38320;1247;;35910;33250;29400;40270;1384;;36840;34160;30160;41000;1358;;37390;34930;30800;41280;1392;;37640;35250;31250;41200;1705;;38330;35890;31820;42340;1615;
"Upper secondary education (level 3-5)";"Total";"3 Social sciences and law";29180;26630;24150;31730;7199;;30080;27600;24800;33030;7171;;31330;28720;25460;34200;7187;;32590;30000;25980;35550;7426;;33770;31000;26740;37180;7712;;35310;32480;27600;38960;7577;
"Upper secondary education (level 3-5)";"Total";"4 Business and administration";39200;35880;31510;42920;129052;;40540;37010;32610;44480;130970;107826;41640;38160;33290;45680;127405;105174;42960;39290;34260;47250;124493;102543;44370;40550;35020;49180;122621;100961;45360;41370;35890;50000;115207;94314
"Upper secondary education (level 3-5)";"Total";"5 Natural sciences, vocational and technical subjects";40090;37350;32590;44280;365625;;41070;38240;33590;45140;373567;337758;42110;39300;34500;46430;378751;343627;43400;40320;35480;48000;384641;349061;44840;41600;36530;49880;395220;359094;45910;42600;37350;50780;382300;346217
"Upper secondary education (level 3-5)";"Total";"6 Health, welfare and sport";32720;32260;29940;34530;165845;;33480;33090;30840;35180;173484;116549;34240;33920;31310;36000;177373;119369;34990;34660;31900;36750;181017;122112;35970;35830;32580;37510;185039;125356;36500;35950;33610;38000;176444;121299
"Upper secondary education (level 3-5)";"Total";"7 Primary industries";35960;33650;30000;39460;26065;;37110;34780;30890;40530;25114;19585;38070;35720;31580;41730;25121;19778;39230;36790;32480;43050;25492;19775;40480;37860;33410;44510;25607;20145;41460;38800;34100;45470;24657;19316
"Upper secondary education (level 3-5)";"Total";"8 Transport and communications, safety and security and other services";37950;34000;29950;42000;61549;;38530;34830;30800;42540;60384;50100;39360;35610;31340;43750;61627;51432;40400;36600;32450;44980;62775;52476;41700;37850;33380;46080;64864;54236;42770;38920;34100;47640;62179;51539
"Upper secondary education (level 3-5)";"Total";"9 Unspecified field of study";30950;29930;27500;32950;7948;;31950;30850;28440;34100;7753;6253;32910;31940;29230;35070;7766;6311;34150;32990;30040;36530;7800;6275;35440;34030;31020;37940;7825;6197;36350;34910;31910;38970;7310;5774
"Upper secondary education (level 3-5)";"0-4 years";"A1 All fields of study";30710;29800;24990;34700;190471;;31640;31050;25900;35720;200415;126985;32380;31980;26440;36530;209596;133646;33300;32820;27200;37500;217552;138479;34380;33940;28170;38770;224066;143241;35260;34910;29140;39710;187457;115212
"Upper secondary education (level 3-5)";"0-4 years";"0 General subjects";25490;24850;22870;26840;68699;;25960;25150;23540;27600;69228;;26510;25600;24040;28150;72395;;27190;26060;24840;29120;74783;32299;28120;27090;25560;30040;76101;32976;29280;27670;25980;31520;69064;
"Upper secondary education (level 3-5)";"0-4 years";"1 Humanities and arts";26440;25170;23330;28250;6753;;27380;25980;24160;29500;6414;3176;27920;26100;24520;30040;6112;2999;28540;26790;25400;30850;6161;2899;29240;27580;25900;31330;6679;3133;29960;28380;26050;32480;5833;2533
"Upper secondary education (level 3-5)";"0-4 years";"2 Teacher training and pedagogy";;;;;;;;;;;;;;;;;;;35550;35980;31360;38160;118;89;37030;37070;32660;39430;250;203;38450;37910;35120;40510;240;192
"Upper secondary education (level 3-5)";"0-4 years";"3 Social sciences and law";25780;24850;23050;27230;4668;;25910;25150;23540;27600;4526;2141;26710;25860;24360;28420;4290;2045;27620;26100;25070;29340;4243;1958;28170;27130;25660;30040;4199;1971;28810;27550;25980;30850;3515;1543
"Upper secondary education (level 3-5)";"0-4 years";"4 Business and administration";32170;31510;27500;34910;6185;;33340;32460;28500;35970;6871;5372;33690;33000;29000;36130;7326;5607;34250;34010;29550;36800;7761;5916;34690;34750;30200;37500;7830;5928;35790;35830;31140;38330;6092;4524
"Upper secondary education (level 3-5)";"0-4 years";"5 Natural sciences, vocational and technical subjects";34920;34280;30340;38500;49318;;35700;35070;31280;39330;53396;47439;36590;35970;32150;40270;55315;49520;37700;37100;33020;41410;57442;51604;39020;38240;34100;42910;58818;53184;40250;39300;35200;44310;46504;41849
"Upper secondary education (level 3-5)";"0-4 years";"6 Health, welfare and sport";30060;30210;26650;32490;39374;;30750;31250;27520;33200;43719;25774;31450;31840;28250;34100;46923;27949;32150;32500;28770;35010;49375;29525;33080;33290;29740;36020;51900;31233;33530;34100;29940;36250;41694;25318
"Upper secondary education (level 3-5)";"0-4 years";"7 Primary industries";30770;30000;24990;35670;3063;;32080;31830;25980;37150;3347;2330;32790;32480;26210;38160;3474;2472;34010;34100;27360;39490;3711;2608;35300;35030;28580;40790;4039;2875;36240;35830;29230;41410;3304;2350
"Upper secondary education (level 3-5)";"0-4 years";"8 Transport and communications, safety and security and other services";32530;31660;26790;36370;12079;;33390;32770;27610;37050;12616;10437;34280;33560;28380;38000;13438;11174;35260;34230;29290;39120;13591;11371;36610;35580;30460;40640;13649;11428;37680;36370;31320;41950;10644;8689
"Upper secondary education (level 3-5)";"0-4 years";"9 Unspecified field of study";28230;27280;24360;30530;298;;28070;27500;24750;30160;239;;29280;27680;25500;31360;242;;30050;27730;25690;30850;367;210;30910;28750;26510;31660;601;310;31630;29680;27260;32480;567;294
"Upper secondary education (level 3-5)";"5 years or more";"A1 All fields of study";39100;35700;31660;42920;824695;;40190;36670;32620;44090;829443;688044;41230;37670;33350;45250;826006;687832;42460;38770;34200;46760;826135;687870;43820;39970;35140;48530;836812;698034;44500;40540;35830;49510;832140;690078
"Upper secondary education (level 3-5)";"5 years or more";"0 General subjects";40200;35720;30910;44800;152541;;41420;36790;32000;45910;150649;120517;42480;37610;32590;47410;146878;117826;43750;38700;33100;49120;144117;115599;45070;39930;33780;50350;143866;115216;45550;40110;34340;51000;144157;113159
"Upper secondary education (level 3-5)";"5 years or more";"1 Humanities and arts";34510;31990;29020;37610;22647;;35840;33130;30060;39050;23740;;36940;34020;31000;40120;23629;;38150;35000;32040;41670;23590;;39380;36110;33000;43150;23639;;40190;36780;33560;44170;23254;
"Upper secondary education (level 3-5)";"5 years or more";"2 Teacher training and pedagogy";34340;31990;28450;38600;1213;;36110;33300;29630;40550;1325;;37040;34130;30310;41240;1277;;37570;34850;30750;41670;1274;;37760;34840;31040;41890;1455;;38300;35070;31330;42650;1375;
"Upper secondary education (level 3-5)";"5 years or more";"3 Social sciences and law";33300;30740;26810;36860;2531;;34530;31910;27950;37890;2645;;35620;32800;28500;39530;2897;;36590;33450;29390;40180;3183;;37850;34910;30470;41670;3513;;38650;35540;30810;43000;4062;
"Upper secondary education (level 3-5)";"5 years or more";"4 Business and administration";39540;36180;31680;43290;122864;;40920;37420;32800;44950;124099;102454;42090;38480;33500;46100;120079;99567;43500;39760;34600;47920;116732;96626;44980;41040;35570;50000;114791;95033;45840;41700;36000;50490;109115;89791
"Upper secondary education (level 3-5)";"5 years or more";"5 Natural sciences, vocational and technical subjects";40890;37930;33000;45110;316306;;41950;38970;34070;46270;320171;290319;43040;40000;34960;47680;323436;294107;44390;41060;35890;49360;327199;297457;45850;42380;37030;50680;336402;305910;46690;43300;37670;51870;335796;304369
"Upper secondary education (level 3-5)";"5 years or more";"6 Health, welfare and sport";33440;32490;31430;35140;126471;;34250;33300;32060;35860;129765;90775;35090;34180;32800;36700;130450;91420;35900;34940;33510;37500;131642;92586;36930;35930;34530;38160;133139;94123;37280;36120;34910;38580;134750;95981
"Upper secondary education (level 3-5)";"5 years or more";"7 Primary industries";36570;34060;30470;40000;23002;;37790;35060;31440;41190;21767;17255;38830;36040;32230;42540;21647;17306;40030;37180;32960;43980;21781;17167;41340;38320;33760;45200;21568;17270;42180;39050;34370;46240;21353;16966
"Upper secondary education (level 3-5)";"5 years or more";"8 Transport and communications, safety and security and other services";39270;34850;30670;43740;49470;;39880;35500;31500;44340;47768;39663;40760;36410;32180;45280;48189;40258;41820;37480;32940;46580;49184;41105;43060;38630;33760;48000;51215;42808;43810;39550;34370;49240;51535;42850
"Upper secondary education (level 3-5)";"5 years or more";"9 Unspecified field of study";31050;29960;27550;33000;7650;;32050;30850;28580;34100;7514;6093;33000;32040;29390;35170;7524;6157;34290;33020;30120;36530;7433;6065;35680;34100;31410;38030;7224;5888;36600;35000;32110;38970;6743;5480
"Upper secondary education (level 3-5)";"Unknown";"A1 All fields of study";;;;;;;;;;;;;;;;;;;;;;;;;;;;;;;;;;;;
"Upper secondary education (level 3-5)";"Unknown";"0 General subjects";;;;;;;;;;;;;;;;;;;;;;;;;;;;;;;;;;;;
"Upper secondary education (level 3-5)";"Unknown";"1 Humanities and arts";;;;;;;;;;;;;;;;;;;;;;;;;;;;;;;;;;;;
"Upper secondary education (level 3-5)";"Unknown";"2 Teacher training and pedagogy";;;;;;;;;;;;;;;;;;;;;;;;;;;;;;;;;;;;
"Upper secondary education (level 3-5)";"Unknown";"3 Social sciences and law";;;;;;;;;;;;;;;;;;;;;;;;;;;;;;;;;;;;
"Upper secondary education (level 3-5)";"Unknown";"4 Business and administration";;;;;;;;;;;;;;;;;;;;;;;;;;;;;;;;;;;;
"Upper secondary education (level 3-5)";"Unknown";"5 Natural sciences, vocational and technical subjects";;;;;;;;;;;;;;;;;;;;;;;;;;;;;;;;;;;;
"Upper secondary education (level 3-5)";"Unknown";"6 Health, welfare and sport";;;;;;;;;;;;;;;;;;;;;;;;;;;;;;;;;;;;
"Upper secondary education (level 3-5)";"Unknown";"7 Primary industries";;;;;;;;;;;;;;;;;;;;;;;;;;;;;;;;;;;;
"Upper secondary education (level 3-5)";"Unknown";"8 Transport and communications, safety and security and other services";;;;;;;;;;;;;;;;;;;;;;;;;;;;;;;;;;;;
"Upper secondary education (level 3-5)";"Unknown";"9 Unspecified field of study";;;;;;;;;;;;;;;;;;;;;;;;;;;;;;;;;;;;
"Tertial education, 4 years or less (level 6)";"Total";"A1 All fields of study";43870;40420;35000;48070;710010;;45070;41610;36050;49220;736676;600920;46120;42580;36670;50340;752617;615096;47380;43750;37500;51750;771002;630455;48910;45000;38720;53420;794435;650335;49720;45540;39780;54170;781778;651109
"Tertial education, 4 years or less (level 6)";"Total";"0 General subjects";32060;29860;26750;34100;663;;32990;30690;27600;34710;739;;33730;31600;28370;36380;790;;36050;32500;29010;38460;903;;38160;33740;29880;41040;1102;802;39720;35050;30820;42760;1007;756
"Tertial education, 4 years or less (level 6)";"Total";"1 Humanities and arts";41500;38750;31950;46590;49179;;43220;40330;33460;48260;57672;44170;44200;41340;34130;49690;57885;44415;45520;42250;35000;50880;58380;44554;46740;43520;35820;52490;59377;45444;47650;44170;36670;53360;57740;44226
"Tertial education, 4 years or less (level 6)";"Total";"2 Teacher training and pedagogy";40730;40500;35950;44880;143544;;42200;41820;37320;46380;166082;136257;43320;42990;38140;47720;167833;137623;44140;43660;38810;48660;169843;139267;45610;45130;40440;50020;173014;141376;46050;45420;41060;50240;168641;140128
"Tertial education, 4 years or less (level 6)";"Total";"3 Social sciences and law";41410;39150;31710;46770;45108;;42820;39450;32430;48630;41055;30710;43760;40310;33000;49950;42467;31808;45130;41670;34040;51150;44183;32985;46410;42710;35000;52610;47034;35035;47550;43840;36610;53750;47050;36142
"Tertial education, 4 years or less (level 6)";"Total";"4 Business and administration";49570;43670;34970;57850;123430;;51410;45240;35890;60000;131857;113911;52510;46270;36660;61360;135944;117445;53870;47500;37500;62920;140561;121400;55520;49030;38630;65000;145478;125940;56930;50000;40000;66420;143197;124883
"Tertial education, 4 years or less (level 6)";"Total";"5 Natural sciences, vocational and technical subjects";51120;47850;38950;59930;102156;;52030;48980;39730;60830;100151;87726;53010;50000;40340;62100;102683;90082;54550;51150;41490;64000;105739;92947;56240;52740;42540;66000;109909;97047;57130;53330;43830;66670;109329;97771
"Tertial education, 4 years or less (level 6)";"Total";"6 Health, welfare and sport";38730;38280;34210;42210;201390;;39830;39170;35370;43170;198776;152590;40790;40180;35980;44330;203230;156853;42060;41320;36900;45720;207822;160917;43470;42780;37990;47050;212729;165137;43970;43300;38750;47420;209419;167728
"Tertial education, 4 years or less (level 6)";"Total";"7 Primary industries";38590;36000;29880;43810;3609;;39460;36540;30610;44630;3400;;40620;37490;31660;45770;3479;;41770;38530;32480;47530;3673;;43100;39780;33440;49160;3956;;44110;40830;34340;50000;4011;
"Tertial education, 4 years or less (level 6)";"Total";"8 Transport and communications, safety and security and other services";48930;43680;35830;54630;29221;;47740;43180;35780;52930;25883;23689;48740;43930;36340;54170;27022;24774;50100;45380;37200;55800;28242;25858;51670;47260;37960;57580;29734;27165;52860;48540;39380;58870;29747;27316
"Tertial education, 4 years or less (level 6)";"Total";"9 Unspecified field of study";40750;37850;30050;46090;11710;;41220;37920;30810;47210;11061;8613;42110;38570;31350;48460;11284;8728;43220;39360;32200;49750;11656;8914;44570;40380;33130;51070;12102;9232;45520;41430;34030;51670;11637;8892
"Tertial education, 4 years or less (level 6)";"0-4 years";"A1 All fields of study";34280;33530;28500;38500;153313;;36040;35430;31120;40310;190024;130344;36780;35990;31670;41390;197002;136276;37920;37040;32620;42410;205138;142418;39420;38530;34140;44170;209889;147105;40440;39720;35080;44830;184865;136386
"Tertial education, 4 years or less (level 6)";"0-4 years";"0 General subjects";;;;;;;;;;;;;;;;;;;31730;28420;25980;33500;107;71;35070;30000;27280;36230;109;;;;;;;
"Tertial education, 4 years or less (level 6)";"0-4 years";"1 Humanities and arts";29690;28010;24660;32970;8867;;31670;30390;25980;35120;11227;6126;32180;31000;26470;36040;11372;6343;33290;31990;27130;37230;11555;6319;34180;33000;27970;38330;11414;6348;35390;34340;28940;39850;10263;5694
"Tertial education, 4 years or less (level 6)";"0-4 years";"2 Teacher training and pedagogy";35680;35450;31610;39450;28326;;37610;37600;33810;41460;41028;30242;38750;38620;34610;42980;43283;31934;39750;39480;35420;43970;45963;33903;41510;41490;37080;46080;48748;36110;42140;41980;37500;46420;42708;32832
"Tertial education, 4 years or less (level 6)";"0-4 years";"3 Social sciences and law";30640;29150;25060;34340;14740;;32170;30890;26240;36050;15692;8520;32940;31600;26950;36900;16270;8890;34110;32650;27710;38300;17017;9213;35260;33900;28570;39900;17473;9551;37310;36710;30510;42060;16157;9492
"Tertial education, 4 years or less (level 6)";"0-4 years";"4 Business and administration";33710;31390;26790;36830;24118;;35470;33000;28420;38550;28770;20574;36030;33440;29010;39170;30661;22098;37420;34680;30000;40590;32339;23627;38980;36260;31620;42220;32847;24398;40460;37750;33330;43550;27832;21335
"Tertial education, 4 years or less (level 6)";"0-4 years";"5 Natural sciences, vocational and technical subjects";36110;36430;29150;41140;18349;;37750;37860;31170;42710;22003;15268;38420;38450;31670;43650;23104;16278;39910;40000;33260;44980;24341;17473;41700;41670;35410;46280;25095;18474;43420;43550;38330;47500;23683;18593
"Tertial education, 4 years or less (level 6)";"0-4 years";"6 Health, welfare and sport";34520;34080;30890;38750;51235;;36110;35920;31970;40190;62478;42683;36720;36370;32450;41000;62819;43281;37690;37180;33330;41780;63893;44113;38950;38160;34840;43330;63941;44218;39410;38650;35270;43330;55202;41251
"Tertial education, 4 years or less (level 6)";"0-4 years";"7 Primary industries";32880;31070;26020;36250;687;;33690;32480;27600;37500;736;;34960;33510;28640;39520;765;;35000;33970;29060;38900;833;576;37200;35720;30170;41250;963;677;38750;37500;32480;42430;967;
"Tertial education, 4 years or less (level 6)";"0-4 years";"8 Transport and communications, safety and security and other services";35590;34180;32320;36910;5626;;36040;34830;33030;37180;6473;5492;36490;35010;32950;37560;6868;5869;37480;35870;34100;38530;7015;5980;38490;36450;34520;40000;7300;6175;39530;37330;35320;41410;6429;5594
"Tertial education, 4 years or less (level 6)";"0-4 years";"9 Unspecified field of study";31490;28500;24990;36430;1284;;31420;28580;25010;36670;1535;904;32390;29230;25850;37580;1777;1016;33120;30120;26100;37230;2075;1144;34670;31390;27280;38930;1999;1085;35320;32850;28000;40110;1569;829
"Tertial education, 4 years or less (level 6)";"5 years or more";"A1 All fields of study";45950;42000;36550;50000;556697;;47570;43520;37870;51870;546652;470575;48770;44730;38840;53290;555615;478820;50140;45810;40020;54980;565864;488036;51690;47090;41670;56730;584546;503230;52180;47450;41800;57270;596913;514723
"Tertial education, 4 years or less (level 6)";"5 years or more";"0 General subjects";32610;30000;27170;34510;582;;33460;31000;28000;35000;657;;34190;32300;28690;36810;707;;36570;33020;29380;38890;796;;38460;33980;30070;41180;993;732;39870;35250;30850;42750;952;
"Tertial education, 4 years or less (level 6)";"5 years or more";"1 Humanities and arts";43260;40150;33970;48000;40312;;45070;41910;35690;49850;46445;38044;46200;42980;36410;50990;46513;38072;47540;44080;37300;52630;46825;38235;48780;45180;37830;54280;47963;39097;49460;45790;38600;55020;47477;38532
"Tertial education, 4 years or less (level 6)";"5 years or more";"2 Teacher training and pedagogy";41760;41330;37560;45590;115218;;43510;43040;38930;47080;125054;106015;44710;44240;39920;48540;124550;105689;45560;44900;40590;49370;123880;105364;47020;46190;42320;50740;124266;105267;47240;46320;42510;50860;125933;107296
"Tertial education, 4 years or less (level 6)";"5 years or more";"3 Social sciences and law";44740;42140;35920;49370;30368;;46910;43140;36680;52450;25363;22190;47960;44250;37510;53750;26197;22918;49400;45580;38550;55330;27166;23772;50590;46770;39300;57240;29561;25485;51190;47340;40000;57920;30893;26650
"Tertial education, 4 years or less (level 6)";"5 years or more";"4 Business and administration";52650;46530;37630;60900;99312;;54930;48860;39130;63810;103087;93337;56330;50000;40000;65500;105283;95347;57850;51210;40990;67200;108222;97773;59500;52770;42060;69350;112631;101542;60330;53580;42550;70000;115365;103548
"Tertial education, 4 years or less (level 6)";"5 years or more";"5 Natural sciences, vocational and technical subjects";53630;50210;41650;62220;83807;;55040;52000;42870;63810;78148;72458;56230;53220;43840;65180;79579;73805;57940;54860;45080;67180;81398;75474;59660;56670;46330;69390;84814;78573;60350;57260;46970;70000;85646;79177
"Tertial education, 4 years or less (level 6)";"5 years or more";"6 Health, welfare and sport";39920;39080;35580;43220;150155;;41280;40430;37120;44430;136298;109907;42340;41650;38190;45650;140411;113572;43710;42730;39190;47090;143929;116804;45130;44170;41640;48430;148788;120920;45460;44490;41670;48750;154217;126477
"Tertial education, 4 years or less (level 6)";"5 years or more";"7 Primary industries";39680;37370;30780;44650;2922;;40700;37760;31550;46120;2664;;41910;38710;32480;47500;2714;;43410;40350;33530;49390;2840;;44710;41490;34490;50820;2993;;45660;42370;35000;52000;3044;
"Tertial education, 4 years or less (level 6)";"5 years or more";"8 Transport and communications, safety and security and other services";51890;45970;39320;58280;23595;;51280;46360;39780;56990;19410;18197;52540;47590;40390;58310;20154;18905;53890;49080;41200;59790;21227;19878;55550;50660;42380;61640;22434;20990;56290;51470;43380;61950;23318;21722
"Tertial education, 4 years or less (level 6)";"5 years or more";"9 Unspecified field of study";41670;38950;31060;46870;10426;;42370;39180;31870;47890;9526;7709;43390;40000;32580;49450;9507;7712;44710;40980;33140;50610;9581;7770;45890;42030;33800;52080;10103;8146;46570;42270;34440;52610;10068;8063
"Tertial education, 4 years or less (level 6)";"Unknown";"A1 All fields of study";;;;;;;;;;;;;;;;;;;;;;;;;;;;;;;;;;;;
"Tertial education, 4 years or less (level 6)";"Unknown";"0 General subjects";;;;;;;;;;;;;;;;;;;;;;;;;;;;;;;;;;;;
"Tertial education, 4 years or less (level 6)";"Unknown";"1 Humanities and arts";;;;;;;;;;;;;;;;;;;;;;;;;;;;;;;;;;;;
"Tertial education, 4 years or less (level 6)";"Unknown";"2 Teacher training and pedagogy";;;;;;;;;;;;;;;;;;;;;;;;;;;;;;;;;;;;
"Tertial education, 4 years or less (level 6)";"Unknown";"3 Social sciences and law";;;;;;;;;;;;;;;;;;;;;;;;;;;;;;;;;;;;
"Tertial education, 4 years or less (level 6)";"Unknown";"4 Business and administration";;;;;;;;;;;;;;;;;;;;;;;;;;;;;;;;;;;;
"Tertial education, 4 years or less (level 6)";"Unknown";"5 Natural sciences, vocational and technical subjects";;;;;;;;;;;;;;;;;;;;;;;;;;;;;;;;;;;;
"Tertial education, 4 years or less (level 6)";"Unknown";"6 Health, welfare and sport";;;;;;;;;;;;;;;;;;;;;;;;;;;;;;;;;;;;
"Tertial education, 4 years or less (level 6)";"Unknown";"7 Primary industries";;;;;;;;;;;;;;;;;;;;;;;;;;;;;;;;;;;;
"Tertial education, 4 years or less (level 6)";"Unknown";"8 Transport and communications, safety and security and other services";;;;;;;;;;;;;;;;;;;;;;;;;;;;;;;;;;;;
"Tertial education, 4 years or less (level 6)";"Unknown";"9 Unspecified field of study";;;;;;;;;;;;;;;;;;;;;;;;;;;;;;;;;;;;
"Tertial education, more than 4 years (level 7-8)";"Total";"A1 All fields of study";55050;50000;41510;64170;286902;;56170;51070;42370;65340;302501;267298;57500;52290;43350;66670;316237;279743;59040;53840;44640;68640;332433;293977;60770;55420;45860;70710;353681;313393;62310;56670;47210;72110;346536;308531
"Tertial education, more than 4 years (level 7-8)";"Total";"0 General subjects";;;;;;;;;;;;;;;;;;;;;;;;;37590;34330;30160;41440;107;75;38770;35070;32070;41880;111;77
"Tertial education, more than 4 years (level 7-8)";"Total";"1 Humanities and arts";44880;44540;38000;50410;29564;;46270;45670;38980;52210;31788;25820;47450;46950;40000;53490;32680;26482;48780;48060;41240;54710;33852;27295;50220;49530;42180;56390;35484;28698;51170;50420;43420;56840;34449;28050
"Tertial education, more than 4 years (level 7-8)";"Total";"2 Teacher training and pedagogy";43640;43290;38150;49350;13882;;44790;44280;39520;50540;15565;13124;46020;45580;40820;51560;16852;14285;47210;46440;42120;52670;18283;15596;48480;47730;43520;54250;20336;17380;49090;48300;44180;54460;19800;17103
"Tertial education, more than 4 years (level 7-8)";"Total";"3 Social sciences and law";52440;47920;40280;59290;50671;;53920;49460;41420;60630;54417;49466;55200;50280;42340;62500;56704;51592;56820;51960;43590;64630;59261;53857;58780;53730;45000;66700;62368;56695;60270;55020;46200;68300;61237;56164
"Tertial education, more than 4 years (level 7-8)";"Total";"4 Business and administration";54510;50000;39950;63750;33901;;56300;51050;40740;66330;38150;;57610;52500;41670;67500;41500;;59660;54430;43200;69970;44757;;61860;56670;44720;72330;49587;;64230;58770;46950;75000;49130;
"Tertial education, more than 4 years (level 7-8)";"Total";"5 Natural sciences, vocational and technical subjects";60620;55310;44990;71770;92846;;61340;56120;45970;72600;93118;86954;62470;57250;46870;73830;96262;89975;64050;58810;48240;75300;100427;93937;65910;60600;49720;77420;106245;99669;67580;62500;51040;79030;103749;97508
"Tertial education, more than 4 years (level 7-8)";"Total";"6 Health, welfare and sport";56720;51500;41780;67840;50809;;58270;52520;43160;69470;54383;;60290;54170;44240;72000;57080;;61510;55220;45330;73390;60380;;62710;56350;46260;74780;63529;;64020;57710;47760;76070;62748;
"Tertial education, more than 4 years (level 7-8)";"Total";"7 Primary industries";50960;48330;40340;57500;6143;;52860;50000;42220;59270;6031;5259;54040;50980;43110;61000;6040;5266;55570;52610;44320;63360;6060;5254;57240;54250;45020;65730;6106;5336;58190;54880;46030;66670;5887;5152
"Tertial education, more than 4 years (level 7-8)";"Total";"8 Transport and communications, safety and security and other services";60910;54310;45840;72890;4750;;60370;54840;45210;71440;4774;;61340;56120;45820;72770;4810;;62520;56820;46400;74460;5002;;64180;58730;46940;76400;5287;;65280;60290;48760;77000;5004;
"Tertial education, more than 4 years (level 7-8)";"Total";"9 Unspecified field of study";47070;44270;32260;55310;4298;;48070;45500;33570;56380;4230;;49390;46670;34260;58330;4268;;51520;48750;35750;60830;4367;;53660;50820;37540;64090;4632;3842;55480;52550;39930;66000;4421;3680
"Tertial education, more than 4 years (level 7-8)";"0-4 years";"A1 All fields of study";43290;41670;37030;47500;69365;;44220;42430;37630;48090;72608;62935;45320;43500;38510;49350;75124;65456;46800;44830;39870;50820;78268;68247;48420;46170;41410;52500;81407;71489;49750;47490;42710;53820;64043;
"Tertial education, more than 4 years (level 7-8)";"0-4 years";"0 General subjects";;;;;;;;;;;;;;;;;;;;;;;;;;;;;;;;;;;;
"Tertial education, more than 4 years (level 7-8)";"0-4 years";"1 Humanities and arts";38660;38310;33100;43370;6140;;39910;39720;34420;44860;6507;4758;41080;41080;35210;46510;6508;4781;42560;42890;36830;47640;6570;4817;43750;44090;37960;49170;6601;4913;45010;45000;39780;50000;5070;3808
"Tertial education, more than 4 years (level 7-8)";"0-4 years";"2 Teacher training and pedagogy";41880;41540;38280;45980;5085;;43160;42770;39940;46920;5754;;44280;43960;40830;47930;6259;;45450;44990;42370;49060;6784;5898;46950;46340;43940;50180;7487;6521;47440;46730;44330;50680;6003;5341
"Tertial education, more than 4 years (level 7-8)";"0-4 years";"3 Social sciences and law";40740;39580;35420;44240;12307;;41780;40420;36260;45250;13161;11546;42770;41570;37210;46130;13483;11887;44220;42880;38160;47880;13909;12229;45810;44330;39940;49480;14058;12520;47160;45420;41310;50660;11116;10112
"Tertial education, more than 4 years (level 7-8)";"0-4 years";"4 Business and administration";45240;42420;36750;51200;11958;;45830;42500;37080;51470;13133;12067;47200;43330;37630;53260;14415;13331;48840;45200;39170;54910;15026;13905;50700;46940;40590;57180;15499;14370;52390;48750;42220;58880;12119;11270
"Tertial education, more than 4 years (level 7-8)";"0-4 years";"5 Natural sciences, vocational and technical subjects";43760;42920;38790;47230;18071;;44130;43330;39130;47830;17337;15932;44830;44170;39530;48700;17501;16128;46280;45420;40760;50000;18348;16957;48150;46930;42470;51800;19415;18107;49650;48250;43840;53330;15084;14297
"Tertial education, more than 4 years (level 7-8)";"0-4 years";"6 Health, welfare and sport";45920;43140;38780;50000;13990;;47300;44280;39540;51030;14989;12206;48510;45210;41080;52180;15229;12411;49840;46580;42120;53730;15897;12913;51110;47720;43430;55000;16418;13336;52160;49480;43860;55820;13183;10861
"Tertial education, more than 4 years (level 7-8)";"0-4 years";"7 Primary industries";38530;38280;33750;42500;514;;39280;39200;35230;43330;476;411;40190;40000;35830;45000;488;416;41940;41670;37500;46250;486;420;43460;42870;39300;47500;512;440;45370;44820;40650;50000;400;352
"Tertial education, more than 4 years (level 7-8)";"0-4 years";"8 Transport and communications, safety and security and other services";45440;43710;37500;51670;604;;47290;45830;38760;53360;729;664;49070;47500;40190;55110;807;754;51510;49640;41670;56820;894;830;53380;51290;43600;60080;1046;973;55450;53310;45000;62030;814;
"Tertial education, more than 4 years (level 7-8)";"0-4 years";"9 Unspecified field of study";38730;38280;27500;45080;696;;40080;40040;30170;46900;522;434;41200;40210;31500;48240;434;351;43950;43650;36830;50000;354;280;45480;44330;38000;51420;369;;46140;45470;40110;51480;254;
"Tertial education, more than 4 years (level 7-8)";"5 years or more";"A1 All fields of study";58730;53440;44590;68920;217537;;59860;54670;45660;70000;229893;204362;61220;55990;46640;71610;241113;214288;62740;57470;47900;73330;254165;225729;64420;59060;49170;75080;272274;241905;65160;59630;49690;75830;282493;251513
"Tertial education, more than 4 years (level 7-8)";"5 years or more";"0 General subjects";;;;;;;;;;;;;;;;;;;;;;;;;37860;34860;30470;41540;105;;38770;35070;32070;41880;111;77
"Tertial education, more than 4 years (level 7-8)";"5 years or more";"1 Humanities and arts";46350;45840;39620;51300;23424;;47700;47230;40690;53020;25281;21062;48860;48270;41600;54320;26172;21700;50110;49520;42710;55410;27282;22478;51560;50830;43750;57120;28883;23786;52140;51380;44420;57510;29379;24242
"Tertial education, more than 4 years (level 7-8)";"5 years or more";"2 Teacher training and pedagogy";44670;44990;38030;50300;8797;;45770;45910;39320;51670;9811;8207;47070;47290;40700;52920;10593;8890;48280;48230;41730;54180;11499;9698;49410;49450;42790;55480;12849;10859;49840;49600;44000;55530;13797;11761
"Tertial education, more than 4 years (level 7-8)";"5 years or more";"3 Social sciences and law";56050;51200;43330;63380;38364;;57610;53000;44670;65330;41256;37921;58930;54150;45670;66670;43221;39705;60530;55800;47010;68750;45352;41628;62450;57610;48390;70830;48310;44175;63150;58250;48930;71470;50121;46052
"Tertial education, more than 4 years (level 7-8)";"5 years or more";"4 Business and administration";59540;54790;43930;70110;21943;;61740;57020;45520;72250;25017;;63130;58410;46830;73950;27085;;65100;60420;48330;75940;29731;;66940;62350;49630;78330;34088;;68130;62920;50330;79170;37011;
"Tertial education, more than 4 years (level 7-8)";"5 years or more";"5 Natural sciences, vocational and technical subjects";64660;60100;49360;75710;74775;;65200;60730;50080;76130;75781;71021;66320;62000;51050;77400;78761;73847;67960;63490;52580;79170;82079;76981;69850;65470;54170;81170;86830;81563;70660;66200;54610;81780;88665;83211
"Tertial education, more than 4 years (level 7-8)";"5 years or more";"6 Health, welfare and sport";60930;56940;45550;73000;36819;;62550;58510;46750;75000;39394;;64690;60150;47780;77760;41851;;65760;60830;48550;79030;44483;;66830;61540;49510;80380;47111;;67240;61710;49990;80690;49565;
"Tertial education, more than 4 years (level 7-8)";"5 years or more";"7 Primary industries";52090;49260;42000;58330;5629;;54010;50810;43870;60260;5555;4848;55220;51960;44790;62410;5552;4851;56750;53750;46120;64790;5574;4834;58480;55550;47050;66990;5594;4896;59130;55830;47500;67920;5487;4800
"Tertial education, more than 4 years (level 7-8)";"5 years or more";"8 Transport and communications, safety and security and other services";63130;56090;47790;75700;4146;;62730;56250;47230;75040;4045;;63880;57210;48240;76330;4003;;64990;58750;48840;78350;4108;;66930;61500;49520;80840;4241;;67300;61700;50420;80690;4190;
"Tertial education, more than 4 years (level 7-8)";"5 years or more";"9 Unspecified field of study";48720;45840;33540;57500;3602;;49200;46520;34030;58160;3708;;50300;47580;34580;59560;3834;;52160;49650;35720;61980;4013;;54370;51670;37500;65400;4263;3535;56040;53330;39930;66700;4167;3474
"Tertial education, more than 4 years (level 7-8)";"Unknown";"A1 All fields of study";;;;;;;;;;;;;;;;;;;;;;;;;;;;;;;;;;;;
"Tertial education, more than 4 years (level 7-8)";"Unknown";"0 General subjects";;;;;;;;;;;;;;;;;;;;;;;;;;;;;;;;;;;;
"Tertial education, more than 4 years (level 7-8)";"Unknown";"1 Humanities and arts";;;;;;;;;;;;;;;;;;;;;;;;;;;;;;;;;;;;
"Tertial education, more than 4 years (level 7-8)";"Unknown";"2 Teacher training and pedagogy";;;;;;;;;;;;;;;;;;;;;;;;;;;;;;;;;;;;
"Tertial education, more than 4 years (level 7-8)";"Unknown";"3 Social sciences and law";;;;;;;;;;;;;;;;;;;;;;;;;;;;;;;;;;;;
"Tertial education, more than 4 years (level 7-8)";"Unknown";"4 Business and administration";;;;;;;;;;;;;;;;;;;;;;;;;;;;;;;;;;;;
"Tertial education, more than 4 years (level 7-8)";"Unknown";"5 Natural sciences, vocational and technical subjects";;;;;;;;;;;;;;;;;;;;;;;;;;;;;;;;;;;;
"Tertial education, more than 4 years (level 7-8)";"Unknown";"6 Health, welfare and sport";;;;;;;;;;;;;;;;;;;;;;;;;;;;;;;;;;;;
"Tertial education, more than 4 years (level 7-8)";"Unknown";"7 Primary industries";;;;;;;;;;;;;;;;;;;;;;;;;;;;;;;;;;;;
"Tertial education, more than 4 years (level 7-8)";"Unknown";"8 Transport and communications, safety and security and other services";;;;;;;;;;;;;;;;;;;;;;;;;;;;;;;;;;;;
"Tertial education, more than 4 years (level 7-8)";"Unknown";"9 Unspecified field of study";;;;;;;;;;;;;;;;;;;;;;;;;;;;;;;;;;;;
"Unknown or no completed education (level 0, 9)";"Total";"A1 All fields of study";32680;29230;26200;34600;156764;;33980;30150;27560;35890;181131;148565;34800;31110;28500;36670;194304;161208;35560;32270;29230;37500;209896;175273;37210;33290;30140;39430;181052;153408;38850;34640;30770;41410;174343;146137
"Unknown or no completed education (level 0, 9)";"Total";"0 General subjects";;;;;;;;;;;;;;;;;;;;;;;;;;;;;;;;;;;;
"Unknown or no completed education (level 0, 9)";"Total";"1 Humanities and arts";;;;;;;;;;;;;;;;;;;;;;;;;;;;;;;;;;;;
"Unknown or no completed education (level 0, 9)";"Total";"2 Teacher training and pedagogy";;;;;;;;;;;;;;;;;;;;;;;;;;;;;;;;;;;;
"Unknown or no completed education (level 0, 9)";"Total";"3 Social sciences and law";;;;;;;;;;;;;;;;;;;;;;;;;;;;;;;;;;;;
"Unknown or no completed education (level 0, 9)";"Total";"4 Business and administration";;;;;;;;;;;;;;;;;;;;;;;;;;;;;;;;;;;;
"Unknown or no completed education (level 0, 9)";"Total";"5 Natural sciences, vocational and technical subjects";;;;;;;;;;;;;;;;;;;;;;;;;;;;;;;;;;;;
"Unknown or no completed education (level 0, 9)";"Total";"6 Health, welfare and sport";;;;;;;;;;;;;;;;;;;;;;;;;;;;;;;;;;;;
"Unknown or no completed education (level 0, 9)";"Total";"7 Primary industries";;;;;;;;;;;;;;;;;;;;;;;;;;;;;;;;;;;;
"Unknown or no completed education (level 0, 9)";"Total";"8 Transport and communications, safety and security and other services";;;;;;;;;;;;;;;;;;;;;;;;;;;;;;;;;;;;
"Unknown or no completed education (level 0, 9)";"Total";"9 Unspecified field of study";32680;29230;26200;34600;156764;;33980;30150;27560;35890;181131;148565;34800;31110;28500;36670;194304;161208;35560;32270;29230;37500;209896;175273;37210;33290;30140;39430;181052;153408;38850;34640;30770;41410;174343;146137
"Unknown or no completed education (level 0, 9)";"0-4 years";"A1 All fields of study";28030;27500;23980;29230;383;;28540;28280;24770;30080;235;151;29420;28750;24360;32130;121;86;30520;29230;26250;32990;117;81;32640;30000;27230;33330;105;70;;;;;;
"Unknown or no completed education (level 0, 9)";"0-4 years";"0 General subjects";;;;;;;;;;;;;;;;;;;;;;;;;;;;;;;;;;;;
"Unknown or no completed education (level 0, 9)";"0-4 years";"1 Humanities and arts";;;;;;;;;;;;;;;;;;;;;;;;;;;;;;;;;;;;
"Unknown or no completed education (level 0, 9)";"0-4 years";"2 Teacher training and pedagogy";;;;;;;;;;;;;;;;;;;;;;;;;;;;;;;;;;;;
"Unknown or no completed education (level 0, 9)";"0-4 years";"3 Social sciences and law";;;;;;;;;;;;;;;;;;;;;;;;;;;;;;;;;;;;
"Unknown or no completed education (level 0, 9)";"0-4 years";"4 Business and administration";;;;;;;;;;;;;;;;;;;;;;;;;;;;;;;;;;;;
"Unknown or no completed education (level 0, 9)";"0-4 years";"5 Natural sciences, vocational and technical subjects";;;;;;;;;;;;;;;;;;;;;;;;;;;;;;;;;;;;
"Unknown or no completed education (level 0, 9)";"0-4 years";"6 Health, welfare and sport";;;;;;;;;;;;;;;;;;;;;;;;;;;;;;;;;;;;
"Unknown or no completed education (level 0, 9)";"0-4 years";"7 Primary industries";;;;;;;;;;;;;;;;;;;;;;;;;;;;;;;;;;;;
"Unknown or no completed education (level 0, 9)";"0-4 years";"8 Transport and communications, safety and security and other services";;;;;;;;;;;;;;;;;;;;;;;;;;;;;;;;;;;;
"Unknown or no completed education (level 0, 9)";"0-4 years";"9 Unspecified field of study";28030;27500;23980;29230;383;;28540;28280;24770;30080;235;151;29420;28750;24360;32130;121;86;30520;29230;26250;32990;117;81;32640;30000;27230;33330;105;70;;;;;;
"Unknown or no completed education (level 0, 9)";"5 years or more";"A1 All fields of study";33080;30040;27500;34800;4514;;33980;30920;28290;35070;4911;3673;34730;31720;28840;35810;4878;3652;35730;32590;29460;36860;4788;3608;36390;33210;30470;37380;3728;2840;36900;33760;30690;38120;3442;
"Unknown or no completed education (level 0, 9)";"5 years or more";"0 General subjects";;;;;;;;;;;;;;;;;;;;;;;;;;;;;;;;;;;;
"Unknown or no completed education (level 0, 9)";"5 years or more";"1 Humanities and arts";;;;;;;;;;;;;;;;;;;;;;;;;;;;;;;;;;;;
"Unknown or no completed education (level 0, 9)";"5 years or more";"2 Teacher training and pedagogy";;;;;;;;;;;;;;;;;;;;;;;;;;;;;;;;;;;;
"Unknown or no completed education (level 0, 9)";"5 years or more";"3 Social sciences and law";;;;;;;;;;;;;;;;;;;;;;;;;;;;;;;;;;;;
"Unknown or no completed education (level 0, 9)";"5 years or more";"4 Business and administration";;;;;;;;;;;;;;;;;;;;;;;;;;;;;;;;;;;;
"Unknown or no completed education (level 0, 9)";"5 years or more";"5 Natural sciences, vocational and technical subjects";;;;;;;;;;;;;;;;;;;;;;;;;;;;;;;;;;;;
"Unknown or no completed education (level 0, 9)";"5 years or more";"6 Health, welfare and sport";;;;;;;;;;;;;;;;;;;;;;;;;;;;;;;;;;;;
"Unknown or no completed education (level 0, 9)";"5 years or more";"7 Primary industries";;;;;;;;;;;;;;;;;;;;;;;;;;;;;;;;;;;;
"Unknown or no completed education (level 0, 9)";"5 years or more";"8 Transport and communications, safety and security and other services";;;;;;;;;;;;;;;;;;;;;;;;;;;;;;;;;;;;
"Unknown or no completed education (level 0, 9)";"5 years or more";"9 Unspecified field of study";33080;30040;27500;34800;4514;;33980;30920;28290;35070;4911;3673;34730;31720;28840;35810;4878;3652;35730;32590;29460;36860;4788;3608;36390;33210;30470;37380;3728;2840;36900;33760;30690;38120;3442;
"Unknown or no completed education (level 0, 9)";"Unknown";"A1 All fields of study";32680;29190;26140;34620;151867;;33990;30110;27520;35930;175985;144740;34800;31050;28490;36680;189305;157470;35560;32250;29230;37500;204991;171584;37230;33290;30130;39470;177219;150498;38890;34670;30780;41440;170829;143459
"Unknown or no completed education (level 0, 9)";"Unknown";"0 General subjects";;;;;;;;;;;;;;;;;;;;;;;;;;;;;;;;;;;;
"Unknown or no completed education (level 0, 9)";"Unknown";"1 Humanities and arts";;;;;;;;;;;;;;;;;;;;;;;;;;;;;;;;;;;;
"Unknown or no completed education (level 0, 9)";"Unknown";"2 Teacher training and pedagogy";;;;;;;;;;;;;;;;;;;;;;;;;;;;;;;;;;;;
"Unknown or no completed education (level 0, 9)";"Unknown";"3 Social sciences and law";;;;;;;;;;;;;;;;;;;;;;;;;;;;;;;;;;;;
"Unknown or no completed education (level 0, 9)";"Unknown";"4 Business and administration";;;;;;;;;;;;;;;;;;;;;;;;;;;;;;;;;;;;
"Unknown or no completed education (level 0, 9)";"Unknown";"5 Natural sciences, vocational and technical subjects";;;;;;;;;;;;;;;;;;;;;;;;;;;;;;;;;;;;
"Unknown or no completed education (level 0, 9)";"Unknown";"6 Health, welfare and sport";;;;;;;;;;;;;;;;;;;;;;;;;;;;;;;;;;;;
"Unknown or no completed education (level 0, 9)";"Unknown";"7 Primary industries";;;;;;;;;;;;;;;;;;;;;;;;;;;;;;;;;;;;
"Unknown or no completed education (level 0, 9)";"Unknown";"8 Transport and communications, safety and security and other services";;;;;;;;;;;;;;;;;;;;;;;;;;;;;;;;;;;;
"Unknown or no completed education (level 0, 9)";"Unknown";"9 Unspecified field of study";32680;29190;26140;34620;151867;;33990;30110;27520;35930;175985;144740;34800;31050;28490;36680;189305;157470;35560;32250;29230;37500;204991;171584;37230;33290;30130;39470;177219;150498;38890;34670;30780;41440;170829;143459
