"Purchase price for one- and two-dwelling buildings, average in 1 000 SEK by region, type of real estate and year"

"region";"type of real estate";"1981";"1982";"1983";"1984";"1985";"1986";"1987";"1988";"1989";"1990";"1991";"1992";"1993";"1994";"1995";"1996";"1997";"1998";"1999";"2000";"2001";"2002";"2003";"2004";"2005";"2006";"2007";"2008";"2009";"2010";"2011";"2012";"2013";"2014";"2015";"2016";"2017";"2018";"2019"
"0114 Upplands Väsby";"permanent dwelling (no site leasehold rights)";481;482;487;492;508;545;672;868;1016;1193;1193;1033;802;874;891;878;972;1090;1281;1534;1648;1819;1975;2051;2180;2479;2849;2887;2925;3011;3115;3268;3279;3599;4236;4808;4922;4638;4682
"0115 Vallentuna";"permanent dwelling (no site leasehold rights)";457;452;436;461;466;511;596;809;938;1015;1071;916;760;858;806;881;972;1083;1217;1456;1627;1890;1953;2003;2162;2417;2733;2847;2785;3004;3046;3085;3168;3440;3734;4293;4641;4459;4510
"0117 Österåker";"permanent dwelling (no site leasehold rights)";..;..;424;426;451;472;554;732;913;967;1069;896;854;852;851;822;946;1073;1249;1459;1620;1855;1959;2011;2232;2466;2739;2856;2809;3073;3105;3090;3281;3537;3627;4321;4785;4421;4646
"0120 Värmdö";"permanent dwelling (no site leasehold rights)";394;436;447;470;451;515;615;799;895;1103;1379;1270;980;1162;1091;1014;1200;1252;1491;1955;2083;2179;2282;2481;2657;3036;3235;3452;3500;3787;3647;3661;3940;4344;4425;4879;5321;4730;5081
"0123 Järfälla";"permanent dwelling (no site leasehold rights)";485;502;504;514;527;581;693;880;1023;1115;1172;988;886;967;952;949;1089;1235;1383;1712;1882;2014;2127;2282;2480;2684;2947;3009;3085;3291;3285;3305;3456;3948;4551;5025;5175;4883;4892
"0125 Ekerö";"permanent dwelling (no site leasehold rights)";491;475;456;484;503;526;641;810;988;1041;1125;1082;887;976;1034;991;1181;1250;1386;1681;1927;2171;2269;2402;2597;2919;3158;3287;3054;3541;3615;3727;3760;4326;4457;4959;5528;5167;5374
"0126 Huddinge";"permanent dwelling (no site leasehold rights)";465;454;497;489;515;561;682;874;1001;1110;1166;1022;852;934;945;966;1056;1208;1367;1689;1860;2005;2060;2193;2307;2779;3009;3128;3185;3529;3577;3518;3718;4159;4762;5398;5668;5215;5242
"0127 Botkyrka";"permanent dwelling (no site leasehold rights)";426;418;461;432;459;512;608;787;940;1021;1058;902;821;843;859;819;926;1032;1153;1324;1557;1720;1745;1966;2024;2332;2526;2633;2534;2742;2847;2810;3004;3221;3744;4206;4312;4310;4234
"0128 Salem";"permanent dwelling (no site leasehold rights)";..;..;455;433;432;520;672;741;908;1260;1211;816;926;934;851;896;1155;1121;1186;1449;1718;1788;1875;2083;2329;2304;2719;2588;2920;2809;2909;3051;3231;3493;4121;4810;4968;4553;4629
"0136 Haninge";"permanent dwelling (no site leasehold rights)";388;408;440;450;473;503;605;769;914;999;1101;910;832;851;805;809;889;1044;1096;1398;1568;1775;1819;1980;2075;2371;2630;2655;2600;2842;2839;2864;3068;3353;3872;4365;4516;4208;4295
"0138 Tyresö";"permanent dwelling (no site leasehold rights)";465;452;465;461;519;554;694;879;989;1188;1217;1093;981;940;953;960;1127;1269;1444;1652;2022;2119;2249;2381;2503;2830;3400;3345;3367;3671;3714;3746;4006;4219;4834;5427;5782;5377;5593
"0139 Upplands-Bro";"permanent dwelling (no site leasehold rights)";552;517;527;507;544;625;706;831;1012;1125;1147;1020;931;821;803;918;1039;1261;1214;1594;1720;2020;2040;2157;2110;2315;2422;2538;2756;2663;2770;2933;3146;3154;3536;4222;4423;4076;4151
"0140 Nykvarn";"permanent dwelling (no site leasehold rights)";..;..;..;..;..;..;..;..;..;..;..;..;..;..;..;..;..;..;1135;1304;1494;1718;1926;1885;2053;2059;2252;2482;2330;2503;2606;2351;2585;2758;3003;3304;3745;3429;3808
"0160 Täby";"permanent dwelling (no site leasehold rights)";568;575;572;588;632;710;878;1179;1335;1481;1493;1266;1087;1248;1259;1330;1538;1783;2040;2313;2580;2583;2655;2812;3163;3514;4064;4033;3949;4490;4602;4504;4937;5357;6213;6809;7546;6910;6898
"0162 Danderyd";"permanent dwelling (no site leasehold rights)";799;809;815;854;896;1030;1317;1738;1972;2615;2321;2260;1725;2074;2374;2030;2523;2979;3158;3955;4172;4128;4153;4517;4821;5291;6528;6186;6187;6838;6476;6749;8816;9355;10182;11428;11902;10965;11209
"0163 Sollentuna";"permanent dwelling (no site leasehold rights)";494;499;526;551;590;645;813;1046;1157;1313;1386;1232;1064;1169;1187;1167;1374;1555;1773;2281;2489;2571;2670;2824;3012;3474;3972;3957;4096;4473;4529;4575;4843;5551;6207;6921;7301;6787;6722
"0180 Stockholm";"permanent dwelling (no site leasehold rights)";569;550;571;589;621;681;831;1089;1253;1355;1429;1184;1107;1201;1186;1206;1410;1587;1834;2257;2521;2769;2804;2981;3218;3619;4162;4058;4211;4501;4536;4639;5213;5640;6611;7080;7681;7181;7237
"0181 Södertälje";"permanent dwelling (no site leasehold rights)";417;439;439;447;482;519;557;741;878;998;1055;891;804;902;840;872;926;1027;1135;1223;1376;1565;1741;1872;2048;2115;2281;2447;2413;2448;2569;2563;2618;2803;3040;3435;3659;3652;3755
"0182 Nacka";"permanent dwelling (no site leasehold rights)";603;583;598;626;696;792;911;1199;1446;1563;1710;1520;1340;1485;1492;1504;1713;1999;2323;2749;2982;3107;3088;3482;3737;4222;4879;4942;4770;5407;5460;5311;6239;6733;7094;8145;8350;8087;7935
"0183 Sundbyberg";"permanent dwelling (no site leasehold rights)";433;501;453;525;637;666;855;970;1275;1363;1598;1349;1117;1364;1359;1456;1710;1983;2424;3048;2998;3076;3369;3479;3600;4388;4801;5411;5020;5682;5813;5329;5916;6107;6833;7898;7861;7369;8120
"0184 Solna";"permanent dwelling (no site leasehold rights)";594;547;587;571;558;832;790;1299;1787;2188;1919;2133;1267;1747;1419;1548;1851;2136;2643;3346;3816;3192;3681;3989;4544;5357;5568;6364;6068;6253;6820;6842;6724;8020;9275;9251;9958;9128;8874
"0186 Lidingö";"permanent dwelling (no site leasehold rights)";747;752;734;804;837;928;1137;1510;1922;2258;2294;1911;1684;2022;1986;1938;2143;2409;2910;3622;3731;3892;3842;4247;4504;5342;6065;6138;6265;6779;7061;6692;8167;8909;9321;10051;11454;11119;10804
"0187 Vaxholm";"permanent dwelling (no site leasehold rights)";439;430;565;543;626;621;798;888;1209;1610;1601;1458;1224;1350;1321;1404;1654;1771;1989;2643;2454;2809;3191;3270;3167;3745;4911;4441;4314;4573;4729;4962;5069;5462;6046;6616;7661;6566;7448
"0188 Norrtälje";"permanent dwelling (no site leasehold rights)";332;319;316;340;354;390;427;533;614;765;883;728;606;688;701;632;680;802;844;963;1107;1165;1329;1390;1457;1621;1808;1889;2014;2000;1995;2070;2043;2232;2265;2447;2661;2806;2723
"0191 Sigtuna";"permanent dwelling (no site leasehold rights)";516;480;522;552;553;608;712;917;1031;1211;1236;1116;964;958;1084;989;1182;1241;1391;1756;1853;1951;2135;2261;2412;2659;2780;2832;2961;3202;3210;3362;3522;3554;3941;4378;4605;4416;4519
"0192 Nynäshamn";"permanent dwelling (no site leasehold rights)";405;423;423;442;461;479;542;655;718;840;983;821;688;781;728;738;775;927;912;1152;1261;1480;1405;1639;1850;1992;2096;2282;2107;2385;2380;2376;2499;2724;2788;3353;3646;3507;3433
"0305 Håbo";"permanent dwelling (no site leasehold rights)";413;405;375;369;416;423;508;682;828;872;883;791;672;690;697;674;797;888;1015;1217;1367;1502;1559;1687;1765;1969;2074;2113;2053;2222;2181;2301;2337;2537;2891;3186;3612;3504;3412
"0319 Älvkarleby";"permanent dwelling (no site leasehold rights)";264;276;258;259;266;282;304;311;384;422;468;432;414;411;432;409;419;482;473;482;512;597;605;668;714;723;872;906;977;1013;1046;1003;987;972;1275;1302;1400;1576;1604
"0330 Knivsta";"permanent dwelling (no site leasehold rights)";..;..;..;..;..;..;..;..;..;..;..;..;..;..;..;..;..;..;..;..;..;..;1739;1761;1938;2113;2498;2702;2719;2827;2886;2898;3165;3396;3659;4022;4280;4148;4161
"0331 Heby";"permanent dwelling (no site leasehold rights)";234;229;223;213;222;246;260;302;381;406;455;396;413;341;345;343;345;386;393;447;482;534;582;600;673;719;812;833;863;944;917;977;1040;1066;1127;1289;1464;1414;1534
"0360 Tierp";"permanent dwelling (no site leasehold rights)";256;236;231;233;240;248;292;311;390;429;469;443;365;398;393;395;424;451;459;478;529;540;606;675;715;779;876;918;986;984;1012;1056;987;1165;1284;1459;1507;1475;1657
"0380 Uppsala";"permanent dwelling (no site leasehold rights)";429;426;427;436;444;467;591;706;883;945;1044;901;815;849;857;909;937;1058;1201;1342;1579;1804;1906;1990;2055;2231;2426;2551;2515;2862;2915;3059;3206;3431;3729;4087;4038;4022;3963
"0381 Enköping";"permanent dwelling (no site leasehold rights)";325;343;339;350;341;374;424;499;658;730;758;706;579;600;624;645;717;748;768;885;1087;1206;1216;1371;1426;1590;1743;1884;1920;1929;1936;1988;2050;2184;2473;2677;2978;2988;2909
"0382 Östhammar";"permanent dwelling (no site leasehold rights)";320;290;300;298;316;309;339;412;497;543;646;549;466;505;489;477;550;536;642;646;673;749;880;974;990;1130;1219;1270;1344;1367;1485;1420;1359;1699;1691;2015;1990;1936;2204
"0428 Vingåker";"permanent dwelling (no site leasehold rights)";246;281;283;294;296;283;347;337;456;506;602;590;498;464;444;470;437;503;511;560;522;614;577;587;740;765;763;829;896;981;913;826;956;1015;1019;1223;1377;1353;1612
"0461 Gnesta";"permanent dwelling (no site leasehold rights)";..;..;..;..;..;..;..;..;..;..;..;741;573;589;581;621;667;706;798;768;950;1073;1176;1320;1393;1479;1750;1740;1962;1984;1792;2071;2019;2101;2163;2353;2589;2524;2652
"0480 Nyköping";"permanent dwelling (no site leasehold rights)";327;346;346;349;369;380;422;527;631;727;827;753;605;598;625;619;628;698;756;848;872;923;1090;1275;1492;1576;1756;1677;1818;1898;1851;1910;1939;2024;2258;2674;2739;2846;2936
"0481 Oxelösund";"permanent dwelling (no site leasehold rights)";334;335;354;359;375;392;421;526;596;678;765;721;581;579;607;609;645;696;750;753;853;884;1045;1159;1089;1467;1431;1465;1305;1400;1352;1342;1369;1438;1819;2091;2196;2370;2387
"0482 Flen";"permanent dwelling (no site leasehold rights)";286;289;280;312;296;326;371;461;525;619;691;558;489;558;472;479;497;513;546;592;639;678;777;859;922;975;1071;1008;1203;1148;1171;997;1081;1182;1248;1539;1575;1533;1591
"0483 Katrineholm";"permanent dwelling (no site leasehold rights)";325;317;322;336;367;385;407;463;559;664;729;648;589;586;600;647;668;670;715;739;794;805;866;899;1048;1130;1152;1291;1237;1392;1344;1307;1455;1491;1604;1767;1960;2033;2214
"0484 Eskilstuna";"permanent dwelling (no site leasehold rights)";357;337;338;361;361;398;439;511;627;740;792;748;636;662;631;675;698;746;790;853;921;982;1173;1194;1352;1531;1661;1726;1736;1767;1753;1797;1859;2046;2451;2539;2760;2771;2919
"0486 Strängnäs";"permanent dwelling (no site leasehold rights)";354;373;385;387;405;429;466;556;640;799;887;790;710;749;720;749;785;945;942;1129;1175;1301;1427;1535;1581;1966;2006;2019;2033;2168;2225;2201;2280;2409;2581;2750;2944;3244;3334
"0488 Trosa";"permanent dwelling (no site leasehold rights)";..;..;..;..;..;..;..;..;..;..;..;936;729;674;751;713;795;853;921;1162;1306;1338;1444;1465;1567;1733;1946;1984;1986;2295;2421;2262;2523;2358;2934;3095;3489;3412;3279
"0509 Ödeshög";"permanent dwelling (no site leasehold rights)";227;222;237;241;207;199;230;260;311;385;348;336;332;415;339;317;408;376;426;394;409;402;504;476;496;553;665;689;718;640;805;692;630;837;985;940;1060;1201;1270
"0512 Ydre";"permanent dwelling (no site leasehold rights)";249;212;163;206;195;197;206;259;278;334;338;314;343;340;352;397;348;407;337;362;440;418;425;418;428;513;528;580;538;588;619;735;670;879;998;675;907;915;1127
"0513 Kinda";"permanent dwelling (no site leasehold rights)";240;241;275;304;289;277;289;354;404;472;490;489;504;412;420;459;482;508;477;525;573;557;678;736;774;774;1049;1002;1000;934;983;1073;1073;1144;1393;1574;1693;1667;1792
"0560 Boxholm";"permanent dwelling (no site leasehold rights)";277;250;211;234;247;253;272;301;353;369;371;301;295;353;318;361;358;376;400;406;415;455;442;503;574;677;784;783;686;791;816;958;1044;903;1016;1275;1361;1263;1484
"0561 Åtvidaberg";"permanent dwelling (no site leasehold rights)";287;311;317;292;314;352;356;405;485;536;551;492;460;504;533;497;542;583;583;625;662;717;715;858;815;916;934;966;1086;977;1036;1055;1114;1357;1245;1521;1762;1853;2003
"0562 Finspång";"permanent dwelling (no site leasehold rights)";296;273;279;301;298;327;389;454;496;553;570;522;445;481;491;538;552;603;581;595;598;565;649;671;806;806;893;942;902;999;1027;960;1070;1233;1234;1398;1610;1671;1966
"0563 Valdemarsvik";"permanent dwelling (no site leasehold rights)";303;246;271;300;292;282;301;379;410;451;513;499;437;466;484;439;433;494;536;569;587;567;704;679;789;863;788;850;894;1178;1297;1066;1063;1013;1071;999;1295;1380;1337
"0580 Linköping";"permanent dwelling (no site leasehold rights)";406;417;404;416;440;456;505;585;674;741;820;770;783;756;761;785;845;934;1006;1139;1296;1391;1529;1725;1843;2094;2188;2159;2353;2398;2536;2528;2571;2786;3072;3284;3704;3710;3827
"0581 Norrköping";"permanent dwelling (no site leasehold rights)";388;401;398;401;416;442;478;563;656;728;791;717;655;665;682;722;757;810;845;919;941;1053;1119;1314;1471;1626;1836;1868;1876;2046;2060;2112;2225;2300;2601;2899;3050;3219;3394
"0582 Söderköping";"permanent dwelling (no site leasehold rights)";388;372;388;420;451;468;517;603;609;777;777;762;693;683;695;634;679;817;818;828;822;936;1147;1101;1248;1532;1713;1489;1734;1707;1672;1807;1962;2027;2180;2362;2583;2646;2714
"0583 Motala";"permanent dwelling (no site leasehold rights)";291;278;277;290;298;315;343;408;430;515;559;532;483;489;494;539;555;588;633;697;714;766;825;868;994;1120;1140;1236;1306;1320;1275;1339;1382;1434;1696;1864;2090;2218;2331
"0584 Vadstena";"permanent dwelling (no site leasehold rights)";273;300;259;293;301;314;319;393;407;458;536;539;453;552;555;525;635;651;644;636;807;895;834;822;993;975;1306;1520;1301;1748;1405;1627;1362;1657;1704;2232;1931;2194;2130
"0586 Mjölby";"permanent dwelling (no site leasehold rights)";288;292;293;294;296;313;334;394;438;521;530;494;512;512;518;504;550;574;610;620;663;743;849;903;1014;1198;1199;1316;1375;1391;1286;1409;1470;1587;1816;1991;2105;2261;2348
"0604 Aneby";"permanent dwelling (no site leasehold rights)";202;225;219;251;252;284;258;306;326;407;376;420;310;377;375;376;403;391;391;408;380;427;493;468;621;583;637;662;713;729;661;731;698;759;864;953;977;1143;1245
"0617 Gnosjö";"permanent dwelling (no site leasehold rights)";266;265;250;282;281;292;343;366;380;426;447;507;426;494;445;451;541;489;567;595;748;679;670;740;736;801;967;828;908;870;891;882;904;929;1044;1145;1182;1130;1152
"0642 Mullsjö";"permanent dwelling (no site leasehold rights)";276;323;298;305;268;263;278;334;386;445;392;392;356;419;405;412;424;434;442;495;455;519;519;560;618;693;775;815;884;957;921;980;973;1089;1154;1217;1614;1645;1592
"0643 Habo";"permanent dwelling (no site leasehold rights)";271;324;250;271;279;295;331;371;449;514;531;492;487;487;449;493;527;570;623;607;738;785;916;1014;1141;1272;1268;1507;1536;1813;1701;1852;1891;2000;2097;2286;2616;2709;2816
"0662 Gislaved";"permanent dwelling (no site leasehold rights)";241;243;252;239;253;269;298;330;377;451;471;469;436;486;484;460;511;590;601;636;743;735;763;836;860;855;887;978;875;1002;1001;1042;992;969;1085;1116;1166;1210;1308
"0665 Vaggeryd";"permanent dwelling (no site leasehold rights)";226;239;225;215;232;237;241;286;338;397;434;422;365;380;388;417;415;476;538;565;585;608;625;677;754;796;903;1020;970;980;1064;1062;1117;1244;1312;1530;1762;1709;1850
"0680 Jönköping";"permanent dwelling (no site leasehold rights)";364;350;344;346;363;377;413;475;581;690;731;683;623;660;652;696;758;799;881;938;1039;1151;1272;1450;1518;1657;1832;1909;2083;2214;2283;2215;2425;2519;2822;3064;3515;3487;3484
"0682 Nässjö";"permanent dwelling (no site leasehold rights)";282;279;246;268;275;274;302;318;372;398;444;433;420;434;421;451;476;497;519;511;541;594;597;638;740;799;821;870;926;975;907;907;1014;1064;1143;1172;1338;1464;1579
"0683 Värnamo";"permanent dwelling (no site leasehold rights)";299;303;295;289;307;319;358;398;456;526;597;528;512;537;540;564;589;643;659;778;810;812;894;992;1063;1134;1221;1404;1392;1454;1498;1404;1438;1444;1642;1794;1919;2186;2108
"0684 Sävsjö";"permanent dwelling (no site leasehold rights)";257;239;225;221;227;233;241;274;325;331;366;350;292;365;362;378;364;408;418;366;412;376;432;414;450;446;500;599;593;587;644;556;667;726;778;870;1027;1063;1202
"0685 Vetlanda";"permanent dwelling (no site leasehold rights)";255;231;243;293;248;252;283;329;355;400;464;421;387;387;380;383;433;436;476;499;519;516;551;605;613;742;774;775;903;885;888;959;1004;992;1131;1238;1383;1484;1326
"0686 Eksjö";"permanent dwelling (no site leasehold rights)";284;281;291;274;289;278;308;370;362;443;481;436;420;404;436;427;481;501;470;587;563;593;594;691;691;839;859;915;1016;1012;952;1072;1068;1215;1256;1324;1427;1558;1595
"0687 Tranås";"permanent dwelling (no site leasehold rights)";286;277;294;284;280;306;385;389;422;496;537;474;462;479;530;530;578;546;605;679;657;680;799;827;838;970;995;1025;1095;1161;1054;1242;1268;1233;1506;1439;1671;1841;2104
"0760 Uppvidinge";"permanent dwelling (no site leasehold rights)";175;174;155;201;170;181;191;233;224;271;339;279;249;302;281;304;340;360;326;344;347;355;391;392;403;468;574;548;575;608;568;552;526;642;594;608;726;790;780
"0761 Lessebo";"permanent dwelling (no site leasehold rights)";215;208;203;193;209;208;230;268;312;316;350;297;321;307;330;364;341;375;430;442;400;424;428;445;482;513;574;606;654;634;734;697;693;727;768;815;910;1016;970
"0763 Tingsryd";"permanent dwelling (no site leasehold rights)";179;209;187;183;220;205;210;255;283;304;377;373;320;348;368;396;414;398;429;399;417;484;488;549;543;549;628;737;746;730;675;792;774;688;759;729;881;931;950
"0764 Alvesta";"permanent dwelling (no site leasehold rights)";252;244;255;258;276;273;301;331;357;402;421;407;347;397;433;431;463;473;476;484;550;583;586;642;751;809;853;898;1011;918;911;931;1041;1099;1158;1325;1481;1553;1553
"0765 Älmhult";"permanent dwelling (no site leasehold rights)";257;252;238;251;276;295;331;340;355;396;433;412;367;465;456;467;529;555;559;516;654;643;730;806;829;1005;1068;1119;1142;1211;1262;1234;1372;1242;1518;1720;1761;2028;1903
"0767 Markaryd";"permanent dwelling (no site leasehold rights)";229;250;227;236;224;241;260;310;341;376;366;341;348;363;355;381;360;409;395;401;393;409;462;482;591;581;774;697;764;783;764;708;725;791;870;778;857;991;1090
"0780 Växjö";"permanent dwelling (no site leasehold rights)";372;373;363;369;379;391;411;454;524;593;661;670;590;674;679;693;742;803;818;886;939;966;1077;1263;1325;1545;1673;1789;1817;1939;1998;1997;2180;2298;2544;2736;2971;2970;3022
"0781 Ljungby";"permanent dwelling (no site leasehold rights)";289;305;265;284;261;294;339;366;403;473;498;478;470;549;539;539;554;613;613;646;776;727;834;857;844;1022;1158;1248;1234;1307;1182;1231;1324;1321;1260;1361;1541;1585;1651
"0821 Högsby";"permanent dwelling (no site leasehold rights)";158;170;159;168;161;170;166;202;213;280;249;264;238;260;262;280;261;282;292;298;314;327;310;342;340;367;395;407;415;520;425;373;419;456;469;486;514;569;597
"0834 Torsås";"permanent dwelling (no site leasehold rights)";217;175;184;184;186;215;209;230;272;347;331;297;295;259;310;347;355;355;350;413;382;389;437;376;465;507;633;608;611;638;591;581;552;709;721;749;887;956;960
"0840 Mörbylånga";"permanent dwelling (no site leasehold rights)";294;290;265;265;261;313;337;376;446;535;602;507;520;536;499;538;538;557;585;606;718;731;846;892;998;1149;1220;1460;1507;1593;1633;1614;1598;1725;1877;1966;2348;2102;2174
"0860 Hultsfred";"permanent dwelling (no site leasehold rights)";175;193;177;199;202;197;213;245;265;322;282;274;278;263;283;299;314;342;337;330;321;329;329;359;349;406;367;409;409;463;473;474;476;477;554;550;619;752;715
"0861 Mönsterås";"permanent dwelling (no site leasehold rights)";226;229;219;213;236;259;274;292;342;386;408;387;369;372;416;459;391;432;491;470;474;538;558;604;610;660;697;784;850;948;883;951;927;909;1092;1157;1233;1303;1304
"0862 Emmaboda";"permanent dwelling (no site leasehold rights)";203;205;190;204;187;206;244;235;301;318;348;306;300;305;360;376;373;373;390;424;374;396;387;437;478;518;547;603;558;565;545;595;620;550;617;666;683;724;762
"0880 Kalmar";"permanent dwelling (no site leasehold rights)";321;327;313;331;354;378;410;474;511;614;758;740;618;630;656;698;732;790;802;898;940;1031;1113;1242;1379;1635;1619;1706;1822;1883;1864;2035;1980;2058;2212;2532;2819;2788;2807
"0881 Nybro";"permanent dwelling (no site leasehold rights)";253;242;232;276;254;256;281;309;368;432;387;404;397;418;411;444;461;463;461;455;472;495;527;579;610;653;788;755;849;826;867;751;855;890;881;973;1201;1238;1329
"0882 Oskarshamn";"permanent dwelling (no site leasehold rights)";301;295;297;313;334;353;353;376;443;499;522;512;550;528;558;572;591;669;663;674;733;805;788;812;979;1032;1111;1163;1213;1344;1372;1341;1441;1608;1578;1707;1748;2036;1828
"0883 Västervik";"permanent dwelling (no site leasehold rights)";250;253;250;263;278;285;301;356;398;465;551;444;415;421;450;451;504;516;540;586;637;633;653;675;738;944;892;941;1043;1170;1252;1251;1300;1327;1391;1536;1707;1613;1765
"0884 Vimmerby";"permanent dwelling (no site leasehold rights)";272;256;223;254;230;255;272;312;343;387;441;390;399;397;417;458;463;464;490;537;563;539;627;656;667;757;741;920;931;863;786;1015;932;911;1043;1124;1243;1165;1504
"0885 Borgholm";"permanent dwelling (no site leasehold rights)";310;258;288;276;288;282;334;346;402;468;618;468;448;472;451;508;520;562;558;659;682;711;732;772;893;1186;1264;1140;1443;1398;1407;1462;1460;1496;1655;1661;2024;1999;2072
"0980 Gotland";"permanent dwelling (no site leasehold rights)";278;284;265;271;314;323;330;399;453;523;625;548;506;550;529;574;596;611;682;779;831;933;1049;1228;1294;1404;1661;1700;1707;1868;1852;1908;2001;2091;2274;2567;2831;2937;3002
"1060 Olofström";"permanent dwelling (no site leasehold rights)";230;218;222;231;255;264;268;318;359;394;433;446;387;422;429;465;470;478;479;468;537;544;516;526;615;640;683;688;653;659;645;660;658;762;709;800;867;1058;969
"1080 Karlskrona";"permanent dwelling (no site leasehold rights)";327;321;302;326;327;342;380;405;474;531;616;551;546;563;582;562;629;628;725;791;868;910;969;1094;1174;1352;1393;1351;1393;1512;1580;1556;1703;1705;1845;1886;2246;2291;2390
"1081 Ronneby";"permanent dwelling (no site leasehold rights)";244;260;251;236;254;264;293;321;365;428;481;452;429;442;447;468;516;528;523;626;588;631;723;763;811;852;947;996;1089;1086;1090;1114;1171;1227;1212;1223;1376;1451;1502
"1082 Karlshamn";"permanent dwelling (no site leasehold rights)";258;276;244;273;273;288;322;349;410;444;516;486;470;522;513;557;580;617;604;657;664;664;738;754;890;945;1089;1141;1172;1164;1223;1227;1282;1270;1465;1464;1614;1727;1790
"1083 Sölvesborg";"permanent dwelling (no site leasehold rights)";227;212;228;220;236;254;255;300;345;400;422;434;375;427;447;453;484;498;592;589;639;676;790;831;900;1015;1125;1085;1249;1451;1224;1260;1295;1292;1260;1551;1643;1578;1749
"1214 Svalöv";"permanent dwelling (no site leasehold rights)";202;206;207;202;204;217;255;258;338;411;489;407;345;387;398;412;436;435;502;496;594;583;671;754;789;949;1043;1017;1174;1147;1095;1269;1203;1196;1308;1396;1647;1693;1788
"1230 Staffanstorp";"permanent dwelling (no site leasehold rights)";342;340;328;329;355;360;425;530;643;735;844;743;592;670;690;716;790;905;1053;1196;1216;1349;1555;1816;1933;2184;2362;2376;2367;2641;2636;2511;2536;2673;2871;3144;3353;3685;3648
"1231 Burlöv";"permanent dwelling (no site leasehold rights)";371;378;385;376;413;411;478;556;701;834;902;825;707;687;748;797;850;906;1039;1226;1238;1407;1613;1812;2059;2276;2397;2443;2421;2580;2584;2399;2515;2781;2943;3014;3416;3589;3732
"1233 Vellinge";"permanent dwelling (no site leasehold rights)";405;398;433;432;464;478;590;645;847;1064;1135;1068;914;969;1017;1000;1095;1267;1511;1704;1830;2019;2246;2526;2821;3289;3668;3547;3621;3767;3924;3716;3962;4048;4317;4784;5156;5785;5751
"1256 Östra Göinge";"permanent dwelling (no site leasehold rights)";194;195;195;198;200;187;230;278;308;354;366;434;346;367;358;340;373;403;418;421;428;428;486;474;530;578;659;685;642;699;623;615;693;776;796;855;914;1011;993
"1257 Örkelljunga";"permanent dwelling (no site leasehold rights)";197;203;207;221;233;246;252;284;322;439;423;375;400;381;388;404;412;423;431;425;466;492;556;635;691;795;864;994;844;940;1240;876;899;1094;939;1136;1105;1162;1235
"1260 Bjuv";"permanent dwelling (no site leasehold rights)";210;211;191;221;218;224;260;289;374;407;455;415;370;415;398;440;461;489;539;555;556;624;659;735;754;991;1121;1069;1126;1180;1160;1115;1144;1253;1282;1267;1513;1516;1679
"1261 Kävlinge";"permanent dwelling (no site leasehold rights)";318;314;285;319;317;336;368;448;582;714;776;676;617;658;651;678;758;809;898;980;1149;1270;1413;1611;1783;2058;2254;2307;2314;2512;2427;2305;2407;2470;2722;2939;3389;3405;3614
"1262 Lomma";"permanent dwelling (no site leasehold rights)";389;391;362;396;426;447;495;594;745;941;1013;954;797;886;924;898;1026;1227;1333;1566;1700;1862;2020;2334;2556;2881;3197;3357;3363;3624;3695;3515;3732;3849;4246;4475;5237;5227;5614
"1263 Svedala";"permanent dwelling (no site leasehold rights)";312;285;264;320;317;327;361;462;564;693;765;703;580;610;598;666;707;742;916;1012;1086;1130;1422;1583;1761;2027;2159;2280;2250;2330;2333;2314;2354;2361;2603;3042;3171;3091;3223
"1264 Skurup";"permanent dwelling (no site leasehold rights)";254;236;252;232;265;251;295;333;429;516;573;509;470;499;433;465;539;577;617;695;787;878;1027;1163;1348;1451;1669;1747;1586;1814;1691;1689;1617;1757;1923;2016;2338;2338;2543
"1265 Sjöbo";"permanent dwelling (no site leasehold rights)";211;206;198;210;213;226;246;279;342;406;444;410;402;379;378;431;449;426;507;500;596;598;751;781;816;1040;1125;1119;1084;1216;1277;1273;1214;1284;1268;1335;1496;1535;1708
"1266 Hörby";"permanent dwelling (no site leasehold rights)";226;203;203;223;231;216;251;295;335;397;438;402;358;380;444;427;491;470;520;529;548;634;691;764;910;1021;1088;1261;1211;1285;1348;1348;1409;1329;1275;1533;1600;1550;1633
"1267 Höör";"permanent dwelling (no site leasehold rights)";246;261;257;219;250;282;318;386;436;503;584;529;526;512;477;509;551;585;591;642;678;737;877;919;1008;1291;1494;1365;1373;1642;1532;1585;1467;1637;1593;1750;1811;1924;2011
"1270 Tomelilla";"permanent dwelling (no site leasehold rights)";165;156;161;155;169;162;190;231;259;312;350;317;259;301;322;345;362;368;395;452;469;516;556;685;720;922;973;926;1139;1175;998;1103;1153;1215;1219;1423;1519;1496;1667
"1272 Bromölla";"permanent dwelling (no site leasehold rights)";246;250;222;227;233;248;267;311;358;412;414;437;403;410;411;467;467;502;506;558;563;602;637;686;738;821;865;961;950;1010;1078;1050;941;988;1073;1092;1150;1152;1411
"1273 Osby";"permanent dwelling (no site leasehold rights)";208;199;208;213;226;246;229;272;315;357;350;388;335;311;364;361;404;418;390;386;419;495;500;475;604;650;666;727;763;762;841;798;755;861;850;1023;1124;1224;1177
"1275 Perstorp";"permanent dwelling (no site leasehold rights)";226;250;252;231;263;269;271;304;373;400;382;404;412;421;418;443;457;511;552;494;493;506;519;599;583;779;839;784;794;944;884;739;850;870;885;929;981;1047;1260
"1276 Klippan";"permanent dwelling (no site leasehold rights)";229;217;218;237;245;241;257;277;324;369;398;380;317;364;411;409;378;427;455;485;488;513;536;618;668;807;911;929;1028;1049;1007;998;1037;905;1081;1119;1319;1410;1415
"1277 Åstorp";"permanent dwelling (no site leasehold rights)";282;252;253;224;225;236;278;325;397;428;476;453;407;435;452;450;503;561;573;614;620;647;788;794;904;1083;1226;1352;1339;1340;1199;1306;1324;1417;1451;1549;1771;1833;1801
"1278 Båstad";"permanent dwelling (no site leasehold rights)";387;332;321;366;370;389;454;540;641;640;867;795;825;778;823;829;972;987;1085;1249;1269;1416;1472;1847;1864;2340;2373;2529;2496;2946;2928;2894;2751;3532;3226;3946;3307;4068;3915
"1280 Malmö";"permanent dwelling (no site leasehold rights)";435;439;435;471;488;510;580;726;875;998;1171;1056;950;964;959;964;1091;1247;1402;1599;1833;1870;2156;2314;2611;3029;3305;3194;3225;3444;3463;3289;3433;3526;3999;4234;4596;4533;4950
"1281 Lund";"permanent dwelling (no site leasehold rights)";380;378;391;407;412;420;465;574;713;809;997;898;833;838;860;868;982;1052;1167;1373;1516;1623;1846;2150;2296;2582;2782;2764;2763;3238;3103;3147;3145;3154;3321;3737;3926;4142;4661
"1282 Landskrona";"permanent dwelling (no site leasehold rights)";311;312;293;310;323;305;394;440;509;575;702;702;596;623;627;589;699;748;865;861;960;1088;1173;1292;1309;1569;1865;1958;1964;2068;2009;2222;2179;2273;2374;2619;2910;2802;2922
"1283 Helsingborg";"permanent dwelling (no site leasehold rights)";381;382;390;403;422;433;475;578;691;825;903;781;798;816;811;874;979;1095;1219;1321;1406;1538;1751;1909;2150;2453;2733;2638;2884;2962;2848;2875;3031;3139;3341;3570;3719;3835;4042
"1284 Höganäs";"permanent dwelling (no site leasehold rights)";324;316;329;346;344;350;404;444;588;675;837;744;689;679;668;732;779;890;975;1136;1155;1215;1412;1605;1819;1890;2347;2201;2277;2575;2517;2426;2612;2678;2919;3093;3193;3264;3664
"1285 Eslöv";"permanent dwelling (no site leasehold rights)";244;269;236;252;246;256;295;357;424;508;584;472;455;517;506;526;523;593;606;677;775;821;998;1129;1262;1431;1632;1645;1647;1744;1757;1686;1748;1757;1860;2020;2245;2424;2617
"1286 Ystad";"permanent dwelling (no site leasehold rights)";269;306;284;282;290;289;361;373;458;540;612;585;523;501;552;593;642;684;760;805;1050;1016;1127;1410;1595;1716;1960;1952;1938;2121;2140;2087;2241;2278;2471;2600;3069;3047;3198
"1287 Trelleborg";"permanent dwelling (no site leasehold rights)";259;278;246;285;305;301;327;384;496;591;692;569;522;546;536;576;659;691;756;843;910;978;1142;1349;1451;1750;2021;1953;2018;2147;2181;2060;2148;2138;2359;2563;2728;2817;3015
"1290 Kristianstad";"permanent dwelling (no site leasehold rights)";237;238;245;242;257;282;307;337;409;465;503;495;434;487;491;521;561;579;650;654;737;754;847;949;1034;1209;1340;1242;1393;1462;1464;1482;1493;1583;1725;1878;1914;2027;2234
"1291 Simrishamn";"permanent dwelling (no site leasehold rights)";243;232;243;222;233;272;267;324;403;484;556;465;445;493;508;552;577;654;730;797;875;894;1086;1172;1326;1545;1733;1818;1780;2069;1841;1831;1754;1884;2335;2193;2566;2590;2523
"1292 Ängelholm";"permanent dwelling (no site leasehold rights)";319;323;331;318;328;340;387;443;541;625;741;665;568;610;640;686;729;845;818;940;982;1064;1206;1385;1574;1753;1952;2126;2148;2293;2248;2256;2343;2441;2477;2678;2774;3046;2958
"1293 Hässleholm";"permanent dwelling (no site leasehold rights)";224;225;213;221;245;239;261;292;338;381;409;418;387;415;408;426;469;489;480;516;525;558;577;676;768;864;934;983;1063;1053;1050;1043;1101;1128;1242;1267;1393;1510;1513
"1315 Hylte";"permanent dwelling (no site leasehold rights)";172;178;183;193;203;238;224;255;248;315;323;300;320;366;342;332;390;366;382;386;401;440;424;480;575;609;658;738;767;680;734;819;608;661;677;792;834;971;864
"1380 Halmstad";"permanent dwelling (no site leasehold rights)";301;320;328;335;333;359;397;455;527;637;783;689;660;681;674;707;772;828;880;952;1047;1152;1236;1470;1655;1853;2148;2148;2133;2315;2346;2344;2379;2446;2700;2881;3031;3201;3313
"1381 Laholm";"permanent dwelling (no site leasehold rights)";236;232;250;246;254;259;267;331;351;431;461;437;460;452;439;458;503;523;560;536;596;677;733;771;800;1111;1147;1160;1255;1245;1415;1308;1372;1511;1508;1719;1751;1920;2037
"1382 Falkenberg";"permanent dwelling (no site leasehold rights)";239;258;261;280;283;310;342;399;456;537;598;531;520;513;513;512;547;630;628;730;748;689;794;935;1096;1224;1308;1479;1468;1584;1616;1595;1680;1818;2030;2126;2372;2486;2459
"1383 Varberg";"permanent dwelling (no site leasehold rights)";306;339;317;330;339;378;404;483;547;632;742;668;604;657;660;681;718;799;863;918;968;1058;1191;1379;1653;1756;1853;1979;2098;2329;2293;2312;2395;2633;2828;3272;3409;3339;3419
"1384 Kungsbacka";"permanent dwelling (no site leasehold rights)";405;423;415;434;471;527;617;751;960;1014;1166;962;928;898;958;954;1024;1194;1286;1470;1584;1671;1854;2144;2472;2662;2828;2925;2935;3129;3202;3186;3469;3641;3884;4162;4725;4614;4777
"1401 Härryda";"permanent dwelling (no site leasehold rights)";370;383;391;429;437;466;541;672;816;943;969;896;819;789;789;848;864;1035;1067;1170;1294;1402;1528;1766;1972;2255;2405;2474;2576;2739;2989;2948;3241;3290;3648;3887;4266;4281;4165
"1402 Partille";"permanent dwelling (no site leasehold rights)";407;406;425;452;467;533;603;735;900;1054;1059;936;883;861;857;886;992;1088;1252;1359;1502;1607;1810;2032;2232;2512;2725;2865;2895;3163;3299;3435;3492;3897;4374;4866;5221;5218;5221
"1407 Öckerö";"permanent dwelling (no site leasehold rights)";368;346;401;419;424;469;549;603;692;881;917;901;714;750;778;829;853;962;1166;1294;1505;1616;1807;1993;2357;2628;2918;2901;2941;3158;3346;3239;3536;3669;3921;4257;4675;4681;4971
"1415 Stenungsund";"permanent dwelling (no site leasehold rights)";348;351;357;356;360;405;459;530;713;753;885;773;655;693;706;709;723;815;850;946;1145;1151;1341;1494;1834;1917;2031;2305;2207;2294;2415;2521;2448;2597;2900;3194;3538;3456;3787
"1419 Tjörn";"permanent dwelling (no site leasehold rights)";308;328;316;328;350;401;493;546;725;817;850;762;691;641;741;686;739;826;923;1084;1024;1184;1412;1533;1784;1931;2118;2363;2456;2509;2406;2200;2461;2660;2393;2885;3254;3009;3451
"1421 Orust";"permanent dwelling (no site leasehold rights)";288;304;299;315;330;345;419;496;564;672;758;729;616;614;656;658;781;743;756;952;953;934;1167;1294;1385;1561;1740;1850;1881;1955;2327;2003;2261;2345;2020;2323;2455;2649;2644
"1427 Sotenäs";"permanent dwelling (no site leasehold rights)";260;288;282;297;323;331;391;466;580;633;773;629;621;605;650;656;769;767;905;1030;1102;1238;1396;1463;1501;2020;2238;2373;2593;2781;2743;2730;2757;2936;2923;3345;3373;3589;3765
"1430 Munkedal";"permanent dwelling (no site leasehold rights)";256;277;265;250;266;273;311;354;435;477;474;433;406;388;426;394;434;436;487;446;493;497;566;632;673;806;827;882;907;1057;1068;932;1137;1103;1174;1220;1527;1562;1492
"1435 Tanum";"permanent dwelling (no site leasehold rights)";263;249;238;280;303;304;314;376;720;525;574;563;467;520;565;570;633;693;775;738;803;924;1162;1270;1442;1555;1641;2040;1932;2042;2145;2380;2370;2277;2619;2231;2561;2956;2776
"1438 Dals-Ed";"permanent dwelling (no site leasehold rights)";204;211;197;230;245;276;238;308;363;420;500;397;345;422;335;401;384;467;437;432;501;520;520;711;710;702;907;763;871;1088;925;1075;1001;1023;1080;1066;1104;1098;1357
"1439 Färgelanda";"permanent dwelling (no site leasehold rights)";273;245;213;259;272;253;289;315;389;465;480;388;356;357;389;400;375;392;401;432;455;467;481;485;521;562;655;665;654;570;643;658;650;709;788;776;807;1009;954
"1440 Ale";"permanent dwelling (no site leasehold rights)";334;340;337;346;378;424;460;608;702;777;822;750;658;637;604;646;675;756;778;848;933;996;1107;1304;1406;1642;1865;1843;1856;1988;1996;2013;2088;2289;2521;2822;3319;3276;3450
"1441 Lerum";"permanent dwelling (no site leasehold rights)";356;387;372;403;417;444;526;636;765;871;932;870;699;763;759;770;850;921;969;1049;1127;1320;1516;1608;1790;1970;2130;2229;2076;2374;2479;2420;2582;2783;3002;3470;3813;3928;3813
"1442 Vårgårda";"permanent dwelling (no site leasehold rights)";302;273;269;270;315;285;366;433;505;597;603;492;483;488;462;521;525;526;538;595;720;675;829;837;981;1029;1175;1186;1221;1347;1309;1303;1270;1392;1541;1818;1916;2006;2034
"1443 Bollebygd";"permanent dwelling (no site leasehold rights)";..;..;..;..;..;..;..;..;..;..;..;..;..;..;587;599;641;673;719;861;866;897;1101;1227;1275;1617;1707;1857;1755;1769;1730;1887;1609;1890;2070;2282;2518;2856;2922
"1444 Grästorp";"permanent dwelling (no site leasehold rights)";200;243;190;221;259;281;287;317;439;454;544;440;394;431;384;457;451;459;464;478;450;523;566;551;635;672;731;803;768;862;847;904;852;973;949;1245;1089;1398;1379
"1445 Essunga";"permanent dwelling (no site leasehold rights)";..;..;217;201;200;247;296;304;381;421;377;309;276;371;351;345;402;469;357;373;338;387;439;527;493;550;669;626;742;743;642;651;719;780;876;862;1125;1252;1092
"1446 Karlsborg";"permanent dwelling (no site leasehold rights)";268;268;254;253;271;277;279;332;367;337;374;421;348;312;351;378;342;420;367;448;411;444;485;482;520;621;692;715;805;804;1127;920;970;888;894;1061;1224;1266;1349
"1447 Gullspång";"permanent dwelling (no site leasehold rights)";185;177;214;201;203;201;227;262;288;282;301;297;278;308;282;328;291;319;295;312;339;346;352;351;396;418;426;574;522;435;519;464;523;505;655;567;613;765;693
"1452 Tranemo";"permanent dwelling (no site leasehold rights)";243;219;249;232;230;244;275;283;352;394;346;372;296;343;369;375;377;368;389;385;418;383;411;457;487;522;571;631;637;682;696;626;633;682;747;860;909;1087;1135
"1460 Bengtsfors";"permanent dwelling (no site leasehold rights)";201;178;204;210;239;241;269;276;330;377;404;311;333;325;367;408;365;339;387;415;397;432;412;497;472;523;652;685;666;798;602;701;693;667;735;708;862;841;810
"1461 Mellerud";"permanent dwelling (no site leasehold rights)";202;260;185;227;241;219;265;317;323;353;388;333;297;350;359;354;422;367;382;431;384;380;437;457;514;571;558;655;626;617;659;745;698;740;745;986;885;1067;931
"1462 Lilla Edet";"permanent dwelling (no site leasehold rights)";259;261;269;323;281;323;337;402;525;566;562;523;417;406;425;435;445;477;538;565;568;661;622;752;865;960;1001;1023;1031;1191;1116;1115;1212;1300;1411;1681;1912;2040;2162
"1463 Mark";"permanent dwelling (no site leasehold rights)";254;248;289;262;277;295;329;401;456;536;594;555;438;491;460;520;524;593;556;591;646;668;762;833;930;1077;1140;1166;1153;1239;1256;1243;1273;1309;1496;1650;1949;1996;2101
"1465 Svenljunga";"permanent dwelling (no site leasehold rights)";201;225;227;232;228;255;276;298;364;431;419;381;344;354;374;380;366;356;409;416;398;390;478;489;639;647;653;703;673;740;664;786;839;864;848;979;1052;1111;1290
"1466 Herrljunga";"permanent dwelling (no site leasehold rights)";236;235;215;217;239;227;260;332;399;461;451;421;300;363;361;343;379;379;401;432;465;468;509;573;521;611;646;719;725;865;826;800;869;860;817;1002;1495;1152;1380
"1470 Vara";"permanent dwelling (no site leasehold rights)";196;201;191;178;178;204;218;219;293;322;355;345;293;325;310;335;352;339;371;332;331;435;430;483;463;563;599;665;644;665;779;752;743;763;830;1035;1017;1130;1232
"1471 Götene";"permanent dwelling (no site leasehold rights)";228;221;225;229;236;248;271;339;370;400;409;384;360;380;396;415;420;469;502;476;474;532;555;581;689;752;770;864;972;924;953;967;882;1012;1193;1228;1333;1426;1476
"1472 Tibro";"permanent dwelling (no site leasehold rights)";260;244;244;265;262;274;284;317;349;402;407;470;442;422;434;414;446;490;493;497;491;541;589;571;651;629;797;840;855;879;829;855;866;941;1162;1279;1410;1429;1341
"1473 Töreboda";"permanent dwelling (no site leasehold rights)";191;196;193;187;219;235;227;278;345;353;325;372;325;354;326;382;370;398;391;422;413;413;410;447;457;505;575;606;668;676;635;629;646;718;817;988;887;1067;1010
"1480 Göteborg";"permanent dwelling (no site leasehold rights)";454;465;487;513;548;599;706;869;1037;1145;1257;1073;982;1084;1068;1038;1198;1332;1486;1650;1800;1870;2158;2442;2689;2933;3244;3325;3376;3718;3768;3787;3955;4231;4853;5387;5890;5783;5944
"1481 Mölndal";"permanent dwelling (no site leasehold rights)";442;415;427;483;487;527;614;751;873;997;1087;895;840;840;821;878;962;1050;1151;1363;1457;1612;1767;2027;2238;2476;2720;2794;2852;3146;3227;3274;3353;3508;4000;4534;4839;4961;5027
"1482 Kungälv";"permanent dwelling (no site leasehold rights)";400;385;411;459;455;496;576;696;827;910;1011;858;819;825;832;823;972;1020;1096;1251;1274;1403;1560;1757;1948;2137;2290;2433;2383;2550;2558;2852;2730;3009;3329;3606;4081;3997;4203
"1484 Lysekil";"permanent dwelling (no site leasehold rights)";309;331;314;296;320;385;388;428;636;656;779;649;562;662;646;656;688;737;787;948;909;994;1133;1227;1426;1626;1641;1984;1893;2274;2350;2049;2234;2410;2292;2424;2343;2072;2764
"1485 Uddevalla";"permanent dwelling (no site leasehold rights)";372;348;338;337;367;388;427;525;636;700;759;656;570;606;638;644;678;728;798;813;868;912;1026;1173;1268;1517;1615;1590;1728;1823;1829;1903;1910;2205;2258;2508;2595;2754;2817
"1486 Strömstad";"permanent dwelling (no site leasehold rights)";259;261;294;296;344;344;377;436;492;573;573;478;465;546;528;556;660;683;731;794;946;1035;1284;1375;1460;1662;1973;1879;2010;2443;2462;2271;2539;2620;2711;2779;3329;3308;3067
"1487 Vänersborg";"permanent dwelling (no site leasehold rights)";322;297;307;330;366;371;431;483;555;623;647;589;572;582;566;532;545;595;635;673;707;787;843;880;944;1040;1281;1291;1270;1332;1362;1395;1370;1454;1645;1763;1935;2071;2003
"1488 Trollhättan";"permanent dwelling (no site leasehold rights)";301;309;323;324;352;389;410;488;601;695;700;668;632;598;604;639;697;757;812;833;883;992;996;1100;1175;1332;1512;1515;1574;1624;1658;1636;1791;1887;2161;2397;2827;2740;2743
"1489 Alingsås";"permanent dwelling (no site leasehold rights)";362;353;353;371;406;407;485;580;702;778;838;738;700;659;687;708;725;792;824;941;1024;1133;1200;1458;1535;1795;1930;1898;2003;2142;2215;2175;2327;2497;2580;2816;3284;3290;3525
"1490 Borås";"permanent dwelling (no site leasehold rights)";312;322;306;316;335;347;374;458;556;612;660;608;555;590;559;573;608;659;696;749;820;918;1052;1115;1238;1427;1518;1591;1614;1714;1768;1785;1895;2030;2167;2411;2677;2709;2868
"1491 Ulricehamn";"permanent dwelling (no site leasehold rights)";251;259;258;268;260;258;280;322;407;480;492;485;415;458;460;465;500;519;534;526;575;590;664;670;718;854;1006;959;961;1029;1038;1025;1090;1276;1320;1443;1633;1828;1752
"1492 Åmål";"permanent dwelling (no site leasehold rights)";243;230;227;240;252;259;282;332;378;421;461;428;440;390;425;410;444;457;465;457;501;497;566;611;649;729;761;753;848;844;857;883;843;917;1025;1082;1088;1184;1220
"1493 Mariestad";"permanent dwelling (no site leasehold rights)";280;270;235;266;295;293;301;379;425;557;564;493;482;495;457;509;524;564;589;600;644;647;687;787;848;870;1065;1170;1187;1164;1161;1203;1243;1291;1402;1556;1724;1679;1846
"1494 Lidköping";"permanent dwelling (no site leasehold rights)";303;284;287;296;325;312;359;423;479;551;589;620;564;571;600;609;648;703;771;813;912;865;1015;1142;1227;1428;1486;1604;1603;1727;1773;1647;1782;1985;2032;2292;2474;2468;2494
"1495 Skara";"permanent dwelling (no site leasehold rights)";265;273;278;266;311;292;347;397;462;492;574;529;473;513;524;483;562;548;584;681;662;656;637;750;848;974;1015;1217;1104;1112;1323;1186;1257;1182;1414;1575;1590;1695;1681
"1496 Skövde";"permanent dwelling (no site leasehold rights)";283;293;300;321;338;359;379;424;475;563;610;624;532;589;561;616;618;662;716;751;807;845;901;960;1038;1242;1411;1400;1532;1511;1617;1714;1782;1855;2119;2151;2353;2440;2662
"1497 Hjo";"permanent dwelling (no site leasehold rights)";275;275;261;262;311;301;316;360;424;452;476;485;481;474;483;450;498;510;533;576;610;623;612;685;767;830;992;975;955;1041;999;1009;1086;1247;1265;1478;1453;1434;1711
"1498 Tidaholm";"permanent dwelling (no site leasehold rights)";224;215;205;223;234;251;250;314;362;368;467;378;397;376;433;398;423;446;451;473;474;500;525;543;608;663;764;839;708;872;955;821;892;1062;1098;1115;1338;1441;1492
"1499 Falköping";"permanent dwelling (no site leasehold rights)";246;248;257;269;282;271;319;341;388;423;471;451;446;449;420;477;515;510;534;574;547;567;599;645;676;748;937;941;985;1006;1045;1108;1065;1024;1145;1363;1516;1520;1528
"1715 Kil";"permanent dwelling (no site leasehold rights)";284;302;270;282;301;299;352;395;467;566;576;550;453;454;469;471;517;533;595;568;576;701;589;724;825;905;975;1024;1151;1138;1136;1047;1126;1326;1279;1385;1596;1683;1704
"1730 Eda";"permanent dwelling (no site leasehold rights)";174;173;205;252;229;247;292;299;340;352;347;301;378;317;295;258;309;281;334;384;447;440;480;448;474;553;692;772;825;846;752;770;789;796;800;850;917;922;1109
"1737 Torsby";"permanent dwelling (no site leasehold rights)";227;221;206;227;240;273;251;311;332;364;393;355;357;326;388;394;407;422;439;424;432;408;458;454;447;540;641;630;655;680;704;662;704;747;854;921;903;930;1198
"1760 Storfors";"permanent dwelling (no site leasehold rights)";198;244;195;226;207;245;336;267;293;338;357;350;336;322;386;282;317;385;318;299;437;388;334;396;391;431;546;548;474;582;499;514;449;451;554;518;597;775;624
"1761 Hammarö";"permanent dwelling (no site leasehold rights)";359;317;329;351;373;389;406;501;578;714;803;717;657;692;723;696;789;835;889;970;1001;1083;1135;1313;1462;1653;1672;1813;1830;1993;2058;2188;2236;2287;2659;2943;2826;3078;3350
"1762 Munkfors";"permanent dwelling (no site leasehold rights)";162;163;160;161;187;145;149;189;225;256;271;257;239;276;250;247;226;264;282;246;246;265;259;263;331;341;399;415;441;400;485;428;379;356;393;350;434;443;490
"1763 Forshaga";"permanent dwelling (no site leasehold rights)";237;232;231;208;232;231;242;330;398;442;454;391;366;368;388;382;400;459;445;449;466;463;496;545;609;688;735;806;819;799;822;842;879;895;955;1076;1292;1246;1335
"1764 Grums";"permanent dwelling (no site leasehold rights)";207;209;185;209;223;219;233;289;338;384;394;366;341;350;356;375;374;415;412;407;407;468;448;468;511;556;604;651;644;703;720;682;750;812;921;949;911;1023;1043
"1765 Årjäng";"permanent dwelling (no site leasehold rights)";178;228;235;242;292;259;309;363;396;438;424;299;366;356;353;332;349;371;425;465;511;559;594;669;693;839;871;1010;964;1103;1087;1044;1103;1213;1208;1269;1365;1321;1414
"1766 Sunne";"permanent dwelling (no site leasehold rights)";222;224;205;235;255;272;261;304;408;416;456;428;437;439;449;490;531;534;539;548;515;570;562;632;709;748;835;815;1043;902;1049;988;963;1094;1201;1199;1357;1348;1284
"1780 Karlstad";"permanent dwelling (no site leasehold rights)";339;322;336;338;344;373;421;472;586;670;712;662;600;640;642;683;729;771;833;877;917;981;1103;1143;1208;1440;1591;1660;1787;1909;1857;1781;2067;2169;2259;2395;2685;2646;2902
"1781 Kristinehamn";"permanent dwelling (no site leasehold rights)";256;237;251;268;267;290;322;368;414;463;499;475;420;450;434;458;518;535;521;560;528;561;561;541;667;650;716;862;872;887;866;765;852;900;979;1028;1164;1397;1353
"1782 Filipstad";"permanent dwelling (no site leasehold rights)";202;219;204;221;260;270;292;299;344;331;371;336;302;308;309;298;351;358;340;355;346;364;306;369;351;394;410;474;449;466;469;462;478;497;537;466;553;600;666
"1783 Hagfors";"permanent dwelling (no site leasehold rights)";238;182;185;217;211;225;269;288;331;415;361;344;293;352;359;353;357;317;348;351;320;347;341;395;440;507;523;522;561;586;528;471;547;627;582;553;635;617;642
"1784 Arvika";"permanent dwelling (no site leasehold rights)";223;246;251;265;259;297;300;345;386;431;455;428;432;419;453;402;434;446;429;487;477;552;563;637;662;782;892;968;1020;1041;978;1004;1042;1165;1199;1308;1436;1536;1571
"1785 Säffle";"permanent dwelling (no site leasehold rights)";253;265;242;261;259;273;302;359;423;459;503;412;405;435;432;455;447;466;466;488;497;512;520;631;604;659;701;746;786;802;885;736;752;782;817;934;920;970;1142
"1814 Lekeberg";"permanent dwelling (no site leasehold rights)";..;..;..;..;..;..;..;..;..;..;..;..;..;..;400;429;526;453;505;603;560;601;647;715;719;843;852;1023;951;1050;905;1067;1029;1199;1299;1551;1520;1609;1728
"1860 Laxå";"permanent dwelling (no site leasehold rights)";287;261;294;241;310;302;312;365;407;455;499;387;441;373;415;351;375;350;398;392;399;394;458;409;509;545;538;491;644;476;575;514;522;593;610;712;714;975;893
"1861 Hallsberg";"permanent dwelling (no site leasehold rights)";255;255;264;261;264;257;286;319;374;467;459;381;368;368;375;453;471;470;521;539;548;549;579;619;686;684;829;800;865;829;952;855;933;963;1067;1279;1248;1372;1373
"1862 Degerfors";"permanent dwelling (no site leasehold rights)";279;251;265;275;295;293;309;333;365;380;405;382;297;330;351;369;374;391;390;385;384;392;437;449;461;490;491;499;553;544;528;497;516;499;600;682;747;826;825
"1863 Hällefors";"permanent dwelling (no site leasehold rights)";217;221;232;244;235;230;253;285;295;313;322;357;263;308;304;303;281;270;297;318;317;306;313;346;388;406;418;424;428;519;411;424;405;468;457;554;519;521;669
"1864 Ljusnarsberg";"permanent dwelling (no site leasehold rights)";170;167;176;177;168;176;197;225;262;305;339;225;217;269;324;271;324;253;281;296;257;280;278;274;318;358;314;374;379;337;398;373;460;416;488;493;636;657;635
"1880 Örebro";"permanent dwelling (no site leasehold rights)";337;319;321;339;366;363;407;467;559;639;728;666;611;618;676;753;767;850;901;991;1035;1072;1207;1355;1472;1667;1915;2013;1988;2017;2084;2138;2227;2456;2724;2920;3116;3123;3275
"1881 Kumla";"permanent dwelling (no site leasehold rights)";257;277;260;277;268;295;340;377;437;530;551;523;421;471;520;508;583;628;661;710;765;709;773;893;1005;1113;1178;1329;1349;1319;1378;1349;1382;1682;1834;1972;2053;2335;2265
"1882 Askersund";"permanent dwelling (no site leasehold rights)";239;263;246;264;256;261;289;308;337;413;409;422;430;378;426;459;466;469;482;424;487;515;515;533;593;664;688;849;797;895;872;826;856;903;1030;1082;1356;1290;1412
"1883 Karlskoga";"permanent dwelling (no site leasehold rights)";336;329;309;338;345;364;380;405;465;479;485;451;449;447;454;493;490;519;536;553;591;606;699;689;746;804;871;839;955;948;962;993;932;953;1123;1321;1540;1513;1427
"1884 Nora";"permanent dwelling (no site leasehold rights)";284;290;270;289;271;291;306;328;438;485;497;406;449;451;461;438;474;494;560;586;547;611;661;675;684;822;804;974;1052;1013;1096;980;1152;1005;1128;1349;1368;1643;1693
"1885 Lindesberg";"permanent dwelling (no site leasehold rights)";258;235;248;253;266;271;282;318;353;423;452;386;385;413;396;405;422;453;450;469;460;526;514;519;593;631;679;766;795;745;769;868;857;869;1037;1117;1225;1184;1397
"1904 Skinnskatteberg";"permanent dwelling (no site leasehold rights)";229;243;183;211;278;233;216;307;377;386;386;381;363;386;340;314;374;361;405;423;361;361;384;455;459;623;444;564;597;580;565;579;486;626;597;807;892;605;872
"1907 Surahammar";"permanent dwelling (no site leasehold rights)";283;305;281;314;304;331;345;437;498;589;598;493;414;460;430;457;466;489;560;529;537;625;615;655;774;912;896;962;966;947;928;965;1010;1014;1131;1304;1510;1524;1499
"1960 Kungsör";"permanent dwelling (no site leasehold rights)";305;297;282;284;320;313;348;373;466;507;589;542;435;479;440;459;476;516;571;585;600;642;721;779;739;927;850;1019;931;943;1078;1059;899;1062;1240;1483;1589;1751;1771
"1961 Hallstahammar";"permanent dwelling (no site leasehold rights)";267;261;264;288;320;330;380;460;559;639;643;618;505;537;488;550;631;603;688;702;707;719;853;959;981;1109;1243;1124;1285;1230;1259;1206;1273;1352;1604;1831;2185;2129;1929
"1962 Norberg";"permanent dwelling (no site leasehold rights)";259;293;303;314;305;306;311;335;376;401;474;415;405;397;431;404;422;407;440;459;414;407;486;481;487;518;632;659;624;755;689;560;729;696;687;776;1064;1017;1111
"1980 Västerås";"permanent dwelling (no site leasehold rights)";387;379;393;429;446;482;537;632;774;831;923;822;822;824;804;839;881;954;1029;1097;1103;1372;1474;1666;1886;2052;2236;2281;2377;2408;2505;2466;2360;2675;2954;3175;3401;3507;3510
"1981 Sala";"permanent dwelling (no site leasehold rights)";306;321;309;304;305;324;345;401;455;535;576;519;466;504;488;507;512;555;561;591;659;666;776;816;977;991;1043;1171;1237;1212;1289;1388;1346;1427;1611;1750;1780;2154;2004
"1982 Fagersta";"permanent dwelling (no site leasehold rights)";272;244;267;274;270;290;311;341;391;468;513;419;446;399;401;426;423;458;494;469;486;530;482;509;569;611;699;745;689;762;728;806;825;778;1011;1236;1220;1160;1323
"1983 Köping";"permanent dwelling (no site leasehold rights)";285;256;290;337;316;345;378;418;514;570;599;573;489;527;493;497;553;557;605;592;689;678;727;812;876;952;1094;1109;1165;1291;1127;1234;1230;1324;1605;1625;1921;2125;2014
"1984 Arboga";"permanent dwelling (no site leasehold rights)";326;334;347;320;322;319;349;405;506;552;613;552;483;625;588;544;575;605;636;652;726;762;748;765;910;973;1035;1080;995;1023;953;999;1073;1207;1240;1357;1501;1633;1795
"2021 Vansbro";"permanent dwelling (no site leasehold rights)";209;204;134;173;173;204;204;237;254;302;295;248;259;268;271;312;334;296;331;307;348;302;316;335;313;355;362;363;424;447;454;452;475;461;525;627;628;658;703
"2023 Malung-Sälen";"permanent dwelling (no site leasehold rights)";297;186;227;265;277;265;306;323;363;446;467;445;403;389;470;440;390;404;407;492;427;480;536;499;682;626;707;814;660;884;752;979;782;1014;920;1038;1441;1263;1590
"2026 Gagnef";"permanent dwelling (no site leasehold rights)";252;252;230;232;241;234;254;294;375;401;402;347;394;350;361;386;430;362;385;414;419;420;488;501;530;667;644;768;742;788;841;851;911;942;1063;1074;1305;1273;1438
"2029 Leksand";"permanent dwelling (no site leasehold rights)";314;305;324;293;336;343;343;395;469;558;592;621;533;590;559;557;587;711;688;717;747;773;812;956;1047;1262;1287;1278;1354;1512;1598;1646;1604;1467;1759;1885;2008;2264;2315
"2031 Rättvik";"permanent dwelling (no site leasehold rights)";282;292;293;321;328;299;313;380;480;509;541;488;484;544;484;456;456;452;501;557;586;697;750;747;694;818;1079;964;1065;1135;1144;1124;1275;1215;1354;1601;1599;1988;1646
"2034 Orsa";"permanent dwelling (no site leasehold rights)";291;274;280;314;281;305;305;334;384;381;452;356;399;409;381;372;413;374;444;412;452;481;521;560;605;624;720;782;952;872;839;764;909;905;971;1129;1110;1178;1424
"2039 Älvdalen";"permanent dwelling (no site leasehold rights)";296;236;274;277;231;311;301;321;404;353;430;359;349;395;365;410;440;401;477;348;417;375;462;496;472;530;588;625;595;635;674;697;659;667;767;902;1045;1081;1157
"2061 Smedjebacken";"permanent dwelling (no site leasehold rights)";262;258;241;225;234;214;255;319;409;445;468;380;397;388;447;434;435;447;457;436;468;518;457;551;544;646;677;662;768;682;757;683;772;891;863;969;1122;1283;1301
"2062 Mora";"permanent dwelling (no site leasehold rights)";307;305;319;322;326;354;382;425;478;568;549;589;463;513;474;512;504;569;566;575;581;637;656;752;779;890;1051;1083;1087;1202;1070;1194;1146;1285;1323;1542;1604;1762;1835
"2080 Falun";"permanent dwelling (no site leasehold rights)";384;373;364;402;417;393;436;501;557;641;691;638;571;586;632;615;629;687;711;764;795;823;903;908;1036;1227;1341;1376;1585;1685;1770;1716;1742;1985;2236;2475;2687;2665;2660
"2081 Borlänge";"permanent dwelling (no site leasehold rights)";309;314;320;328;320;350;370;413;493;589;614;560;513;529;529;559;573;592;654;667;715;711;795;839;939;1009;1208;1300;1342;1482;1503;1642;1666;1740;1949;2130;2244;2311;2374
"2082 Säter";"permanent dwelling (no site leasehold rights)";262;255;256;245;252;290;314;357;431;466;487;462;396;431;432;418;462;453;481;493;479;494;540;595;649;705;762;824;858;934;937;1044;1047;1160;1231;1428;1626;1694;1844
"2083 Hedemora";"permanent dwelling (no site leasehold rights)";231;233;243;249;270;259;274;332;352;394;424;438;364;405;347;406;386;406;402;460;427;429;441;503;497;608;567;649;742;748;767;786;878;826;913;1043;1119;1188;1288
"2084 Avesta";"permanent dwelling (no site leasehold rights)";256;257;267;271;282;286;328;378;426;493;538;459;454;468;464;451;455;512;487;470;496;524;522;580;598;667;774;860;908;827;843;921;896;912;1081;1153;1373;1393;1535
"2085 Ludvika";"permanent dwelling (no site leasehold rights)";231;263;281;234;239;252;255;348;414;468;453;449;436;420;423;416;448;496;472;518;544;500;502;544;626;682;690;697;749;877;804;933;871;956;1063;1116;1271;1394;1322
"2101 Ockelbo";"permanent dwelling (no site leasehold rights)";183;228;194;190;241;222;209;254;322;323;408;403;383;356;368;451;360;438;367;366;382;338;408;396;563;551;616;510;623;611;729;579;654;787;805;796;919;928;1068
"2104 Hofors";"permanent dwelling (no site leasehold rights)";249;231;219;231;260;258;303;327;373;407;411;372;378;359;338;350;403;367;449;421;418;405;400;427;470;508;596;579;647;615;538;686;669;639;746;729;800;952;868
"2121 Ovanåker";"permanent dwelling (no site leasehold rights)";250;262;245;223;245;259;266;322;325;411;394;334;346;369;350;372;386;389;414;378;383;420;402;419;434;490;544;577;576;576;628;611;553;622;773;734;900;945;965
"2132 Nordanstig";"permanent dwelling (no site leasehold rights)";202;203;228;212;216;218;237;273;277;356;355;308;293;310;296;315;317;338;347;329;321;338;356;327;381;402;423;466;492;521;593;596;540;600;652;709;677;835;787
"2161 Ljusdal";"permanent dwelling (no site leasehold rights)";223;227;221;234;239;261;273;310;351;414;422;342;362;408;365;354;399;404;386;428;451;457;482;526;520;543;595;629;772;715;747;830;823;794;884;967;1126;1172;1229
"2180 Gävle";"permanent dwelling (no site leasehold rights)";314;321;324;333;341;353;384;448;496;566;649;596;570;570;582;638;672;711;765;821;921;931;1012;1117;1265;1380;1512;1655;1570;1749;1882;1815;1904;2021;2270;2399;2695;2899;2897
"2181 Sandviken";"permanent dwelling (no site leasehold rights)";307;299;293;311;318;322;324;384;437;469;531;497;478;474;448;492;494;503;526;556;616;599;644;717;775;841;926;1017;1072;1026;1106;1147;1096;1142;1282;1411;1448;1625;1682
"2182 Söderhamn";"permanent dwelling (no site leasehold rights)";232;244;232;248;254;274;276;331;379;426;464;404;368;407;401;386;404;458;447;501;511;512;509;500;606;638;692;687;697;783;700;792;766;844;828;981;1031;1157;1211
"2183 Bollnäs";"permanent dwelling (no site leasehold rights)";276;290;268;276;290;311;322;370;394;477;469;428;431;430;431;440;453;445;485;490;462;471;501;546;583;687;683;791;791;839;867;887;803;884;1021;1038;1170;1149;1304
"2184 Hudiksvall";"permanent dwelling (no site leasehold rights)";272;283;281;292;307;309;341;391;437;498;526;497;444;457;449;487;488;549;528;545;551;597;625;625;705;788;876;954;1050;1005;971;1142;1197;1234;1307;1566;1731;1578;1723
"2260 Ånge";"permanent dwelling (no site leasehold rights)";183;190;201;195;183;219;247;285;290;338;308;229;251;256;283;267;276;265;270;268;267;285;297;255;285;268;293;318;292;315;321;380;312;321;342;359;414;421;539
"2262 Timrå";"permanent dwelling (no site leasehold rights)";276;254;250;271;278;297;334;388;430;499;571;504;470;480;436;428;486;495;507;531;566;551;568;617;661;682;817;828;860;860;916;883;887;1047;1241;1275;1401;1451;1476
"2280 Härnösand";"permanent dwelling (no site leasehold rights)";284;291;305;306;298;310;312;364;371;425;440;451;430;450;436;431;464;464;513;493;498;504;538;564;574;629;685;719;723;751;787;796;763;873;994;1053;1162;1231;1212
"2281 Sundsvall";"permanent dwelling (no site leasehold rights)";324;330;341;351;351;382;425;478;550;621;679;649;566;593;558;597;633;670;700;720;748;794;817;891;978;1136;1186;1233;1324;1422;1408;1469;1485;1694;1838;2117;2249;2378;2248
"2282 Kramfors";"permanent dwelling (no site leasehold rights)";154;166;168;176;161;191;192;209;220;265;269;250;266;276;258;273;281;245;305;299;283;266;291;278;346;304;349;313;448;407;383;378;410;415;463;486;543;540;544
"2283 Sollefteå";"permanent dwelling (no site leasehold rights)";191;212;227;233;225;217;244;261;290;311;318;299;257;281;287;376;349;358;347;347;349;336;339;328;357;364;365;437;403;424;394;404;425;455;469;476;561;539;566
"2284 Örnsköldsvik";"permanent dwelling (no site leasehold rights)";260;258;266;271;288;304;334;342;364;424;450;436;387;419;397;412;446;449;479;447;489;515;493;575;641;725;770;817;936;955;882;924;986;1044;1119;1236;1325;1279;1359
"2303 Ragunda";"permanent dwelling (no site leasehold rights)";276;175;177;159;189;226;208;248;259;262;249;251;229;206;227;224;268;229;209;256;198;240;243;227;243;243;269;289;225;304;297;331;385;260;367;308;374;464;415
"2305 Bräcke";"permanent dwelling (no site leasehold rights)";206;185;281;220;230;194;225;254;302;334;309;344;284;290;303;272;312;255;295;322;320;298;307;325;330;355;322;369;391;398;354;410;430;457;497;532;612;629;586
"2309 Krokom";"permanent dwelling (no site leasehold rights)";266;270;264;287;313;297;309;355;416;458;553;508;380;399;455;476;508;489;498;554;575;569;584;692;689;763;834;1015;1004;1029;1191;1241;1391;1310;1491;1498;1608;1813;1679
"2313 Strömsund";"permanent dwelling (no site leasehold rights)";221;200;203;208;207;223;237;241;275;311;289;319;270;278;229;279;311;279;277;276;271;330;311;297;304;355;379;393;391;385;421;429;451;428;439;498;648;489;591
"2321 Åre";"permanent dwelling (no site leasehold rights)";298;272;266;283;327;319;330;367;480;561;540;580;449;513;412;450;497;533;514;452;628;538;681;855;847;1302;1186;1566;1218;1492;1528;1277;1564;1582;1706;2175;2301;2400;2457
"2326 Berg";"permanent dwelling (no site leasehold rights)";221;234;199;234;246;237;219;319;274;358;344;301;247;331;294;298;367;322;367;360;419;337;338;425;391;410;472;451;554;544;577;718;619;584;798;719;859;805;919
"2361 Härjedalen";"permanent dwelling (no site leasehold rights)";252;235;261;254;234;252;272;284;346;345;388;370;381;343;317;420;380;364;420;384;341;402;403;438;586;523;572;605;698;754;855;634;666;752;747;935;1098;927;1069
"2380 Östersund";"permanent dwelling (no site leasehold rights)";393;433;410;425;423;443;492;557;602;735;829;732;667;709;668;670;733;722;783;834;897;972;1042;1118;1247;1328;1531;1728;1654;1887;1901;1828;1965;2125;2479;2513;2709;2733;2706
"2401 Nordmaling";"permanent dwelling (no site leasehold rights)";193;183;202;186;189;185;249;279;295;299;374;366;307;313;284;314;340;360;397;406;415;374;406;429;430;504;513;536;591;552;597;536;568;678;842;701;800;958;1049
"2403 Bjurholm";"permanent dwelling (no site leasehold rights)";..;..;112;209;234;185;135;218;225;256;347;239;256;201;280;304;296;358;265;363;374;268;338;288;365;327;332;330;346;408;349;299;391;395;396;407;473;476;443
"2404 Vindeln";"permanent dwelling (no site leasehold rights)";213;194;151;186;205;207;244;239;336;357;314;333;364;361;350;373;336;358;318;382;366;335;411;401;424;407;444;434;441;469;483;508;437;479;680;693;806;1005;917
"2409 Robertsfors";"permanent dwelling (no site leasehold rights)";218;201;202;186;220;232;266;255;315;392;407;433;338;266;357;334;366;356;366;403;397;424;450;412;403;427;529;505;510;449;500;533;545;671;685;859;713;884;950
"2417 Norsjö";"permanent dwelling (no site leasehold rights)";204;208;188;256;164;244;252;237;298;341;283;348;241;333;217;284;354;310;322;276;283;297;306;300;269;318;299;294;291;283;336;323;326;289;504;352;439;410;406
"2418 Malå";"permanent dwelling (no site leasehold rights)";..;..;226;219;223;238;259;290;309;341;306;412;307;285;343;307;303;372;382;329;328;344;285;316;342;325;378;370;306;373;378;423;368;338;400;538;379;533;479
"2421 Storuman";"permanent dwelling (no site leasehold rights)";229;227;173;250;220;221;245;269;282;304;317;299;269;278;255;289;264;317;329;290;342;360;277;430;352;348;441;438;424;532;413;485;676;573;510;543;789;656;706
"2422 Sorsele";"permanent dwelling (no site leasehold rights)";202;231;214;243;262;213;235;190;221;265;267;203;296;315;340;293;313;318;310;311;284;286;294;280;357;300;320;318;289;335;338;319;360;297;307;387;392;632;486
"2425 Dorotea";"permanent dwelling (no site leasehold rights)";225;173;182;192;166;171;176;273;277;265;237;188;213;238;216;290;300;395;276;326;385;283;274;296;293;237;342;341;455;355;401;344;389;376;333;360;407;450;506
"2460 Vännäs";"permanent dwelling (no site leasehold rights)";269;286;294;275;282;325;339;391;446;489;515;498;434;504;492;485;559;548;589;581;600;593;644;691;800;828;874;946;928;934;925;896;1062;1081;1188;1477;1626;1720;1576
"2462 Vilhelmina";"permanent dwelling (no site leasehold rights)";209;227;241;228;224;235;249;237;292;319;383;343;324;329;344;360;363;365;387;314;365;396;336;339;353;394;425;414;465;438;443;434;463;467;504;475;533;525;634
"2463 Åsele";"permanent dwelling (no site leasehold rights)";175;125;152;162;177;175;189;188;238;252;255;223;207;284;234;232;257;256;268;246;261;264;219;216;281;244;226;278;235;268;262;274;294;275;326;311;265;352;330
"2480 Umeå";"permanent dwelling (no site leasehold rights)";417;396;397;400;411;420;454;540;664;759;852;776;703;786;759;792;842;926;962;1086;1177;1221;1199;1361;1574;1805;1870;2023;2060;2149;2163;2227;2301;2519;2874;3122;3344;3495;3502
"2481 Lycksele";"permanent dwelling (no site leasehold rights)";270;259;275;272;272;280;291;302;377;388;431;402;405;414;375;439;438;449;431;453;464;453;423;486;440;473;478;581;589;749;719;666;765;753;899;819;901;1094;999
"2482 Skellefteå";"permanent dwelling (no site leasehold rights)";281;294;285;312;334;338;354;379;412;446;490;492;459;479;479;494;509;533;556;564;593;607;622;628;679;758;858;864;851;949;942;1020;1056;1179;1329;1487;1591;1685;1715
"2505 Arvidsjaur";"permanent dwelling (no site leasehold rights)";314;243;234;248;263;265;270;318;307;351;345;298;291;303;284;314;310;318;332;340;326;328;304;332;315;439;417;461;441;478;557;518;617;635;633;773;691;994;984
"2506 Arjeplog";"permanent dwelling (no site leasehold rights)";207;217;201;238;312;204;321;321;310;327;355;283;266;261;292;302;289;322;321;324;252;315;365;392;343;423;498;364;510;515;525;599;789;618;703;824;847;918;1013
"2510 Jokkmokk";"permanent dwelling (no site leasehold rights)";178;192;213;228;224;222;265;259;298;365;344;329;270;257;306;275;357;304;334;319;259;344;270;291;319;293;360;351;376;375;416;426;477;428;596;547;786;652;902
"2513 Överkalix";"permanent dwelling (no site leasehold rights)";191;160;172;219;174;215;193;204;287;293;263;348;308;234;291;247;243;345;276;275;295;257;236;277;242;274;231;313;262;248;288;330;331;391;468;427;571;444;489
"2514 Kalix";"permanent dwelling (no site leasehold rights)";210;217;216;253;258;248;260;295;329;395;386;325;313;306;301;316;360;318;355;332;383;390;383;366;430;425;437;453;446;509;411;448;454;513;556;688;709;789;808
"2518 Övertorneå";"permanent dwelling (no site leasehold rights)";113;241;189;235;263;251;238;289;309;345;426;288;328;290;312;358;347;322;333;335;352;313;340;336;361;406;394;345;385;328;389;315;373;376;385;365;403;500;514
"2521 Pajala";"permanent dwelling (no site leasehold rights)";138;160;144;135;198;255;255;284;355;295;399;401;331;345;280;345;386;327;378;365;301;357;362;298;310;310;360;350;520;405;481;612;554;545;648;594;576;668;519
"2523 Gällivare";"permanent dwelling (no site leasehold rights)";303;303;307;304;307;334;357;395;462;570;584;508;455;484;474;470;497;510;526;499;467;501;509;475;517;643;584;620;770;880;855;1030;1118;1357;1524;1602;1651;1727;1868
"2560 Älvsbyn";"permanent dwelling (no site leasehold rights)";213;186;202;214;224;230;258;273;311;315;344;281;271;301;301;317;315;297;340;334;346;358;326;361;346;345;410;395;417;493;427;465;472;523;596;622;637;649;723
"2580 Luleå";"permanent dwelling (no site leasehold rights)";315;354;341;369;374;441;492;568;654;724;789;715;670;649;658;655;698;756;836;907;1010;985;1060;1093;1317;1372;1384;1501;1614;1665;1826;1815;2056;2104;2485;2546;2640;2615;2646
"2581 Piteå";"permanent dwelling (no site leasehold rights)";241;237;260;260;278;295;313;337;370;444;464;436;416;428;448;421;436;463;472;498;542;583;594;643;739;775;845;887;849;889;879;930;980;1086;1254;1307;1569;1483;1684
"2582 Boden";"permanent dwelling (no site leasehold rights)";213;235;244;283;274;302;291;363;427;451;473;365;374;397;368;388;391;446;451;457;490;512;528;545;602;607;672;692;694;752;691;860;873;929;1246;1177;1383;1341;1273
"2583 Haparanda";"permanent dwelling (no site leasehold rights)";221;245;250;272;294;310;318;372;477;581;584;455;360;414;407;421;474;449;469;495;479;468;521;549;592;706;721;722;697;767;748;758;705;746;876;826;936;846;990
"2584 Kiruna";"permanent dwelling (no site leasehold rights)";285;299;300;299;325;366;365;451;528;648;693;632;547;556;512;511;525;560;515;542;567;587;584;612;732;822;989;889;966;1042;1170;1176;1572;1498;1469;1640;1668;1947;1859
